,Year,Month,Rainfall,Station_Ambagan_ctg,Station_Barisal,Station_Bhola,Station_Bogra,Station_Chandpur,Station_Chittagong,Station_Comilla,Station_CoxsBazar,Station_Dhaka,Station_Dinajpur,Station_Faridpur,Station_Feni,Station_Hatiya,Station_Ishurdi,Station_Jessore,Station_Khepupara,Station_Khulna,Station_Kutubdia,Station_M.court_x,Station_M.court_y,Station_Madaripur,Station_Mongla,Station_Mymensingh,Station_Patuakhali,Station_Rajshahi,Station_Rangamati,Station_Rangpur,Station_Sandwip,Station_Satkhira,Station_Sitakunda,Station_Srimangal,Station_Sylhet,Station_Tangail,Station_Teknaf
0,1970,1,367,,0,0.0,0.0,0.0,1.0,20.0,0,16.0,42.0,12,,0.0,73,31.0,,0.0,,16.0,16.0,,,23.0,,,6,29.0,0.0,0,,36.0,62.0,,
1,1970,2,531,,24,26.0,0.0,0.0,20.0,9.0,40,8.0,0.0,15,,64.0,25,30.0,,0.0,,65.0,65.0,,,0.0,,,54,6.0,27.0,47,,6.0,65.0,,
2,1970,3,484,,5,4.0,0.0,13.0,2.0,63.0,0,23.0,1.0,25,,6.0,30,45.0,,0.0,,5.0,5.0,,,6.0,,,15,5.0,57.0,22,,97.0,60.0,,
3,1970,4,2038,,91,70.0,0.0,71.0,40.0,134.0,69,45.0,76.0,68,,44.0,1,87.0,,51.0,,217.0,217.0,,,117.0,,,38,39.0,231.0,4,,79.0,466.0,,
4,1970,5,3598,,124,69.0,113.0,57.0,158.0,187.0,331,192.0,74.0,173,,131.0,116,29.0,,129.0,,127.0,127.0,,,176.0,,,111,162.0,150.0,59,,79.0,851.0,,
5,1970,6,9105,,408,402.0,506.0,387.0,313.0,129.0,578,276.0,253.0,308,,468.0,236,352.0,,548.0,,574.0,574.0,,,570.0,,,274,527.0,327.0,296,,418.0,955.0,,
6,1970,7,13796,,530,233.0,629.0,433.0,1041.0,546.0,1424,496.0,586.0,382,,584.0,168,415.0,,634.0,,692.0,692.0,,,323.0,,,1276,503.0,812.0,356,,657.0,1076.0,,
7,1970,8,7796,,317,287.0,171.0,172.0,405.0,240.0,598,280.0,126.0,291,,512.0,378,280.0,,270.0,,696.0,696.0,,,207.0,,,326,440.0,597.0,274,,267.0,662.0,,
8,1970,9,7400,,571,503.0,201.0,208.0,317.0,37.0,308,200.0,217.0,433,,521.0,340,490.0,,115.0,,554.0,554.0,,,242.0,,,200,242.0,282.0,377,,420.0,622.0,,
9,1970,10,6521,,253,288.0,164.0,238.0,380.0,284.0,458,427.0,48.0,413,,389.0,364,339.0,,190.0,,569.0,569.0,,,274.0,,,155,39.0,428.0,0,,213.0,608.0,,
10,1970,11,997,,90,9.0,10.0,1.0,151.0,74.0,67,32.0,0.0,32,,0.0,0,10.0,,13.0,,151.0,151.0,,,8.0,,,109,5.0,148.0,9,,31.0,47.0,,
11,1970,12,0,,0,0.0,0.0,0.0,0.0,0.0,0,0.0,0.0,0,,0.0,0,0.0,,0.0,,0.0,0.0,,,0.0,,,0,0.0,0.0,0,,0.0,0.0,,
12,1971,1,147,,7,0.0,13.0,,10.0,5.0,4,3.0,8.0,12,,0.0,0,16.0,,0.0,,0.0,0.0,,,0.0,,22.0,5,12.0,4.0,0,,4.0,22.0,,
13,1971,2,87,,1,0.0,4.0,,0.0,10.0,0,28.0,11.0,9,,0.0,0,0.0,,0.0,,0.0,0.0,,,0.0,,14.0,0,2.0,1.0,0,,0.0,7.0,,
14,1971,3,71,,0,0.0,8.0,,0.0,0.0,1,0.0,0.0,0,,0.0,0,0.0,,0.0,,0.0,0.0,,,0.0,,0.0,0,0.0,0.0,0,,0.0,62.0,,
15,1971,4,373,,104,0.0,0.0,,2.0,0.0,5,0.0,0.0,0,,0.0,0,0.0,,0.0,,0.0,0.0,,,0.0,,0.0,103,0.0,159.0,0,,0.0,0.0,,
16,1971,4,373,,104,0.0,0.0,,2.0,0.0,5,0.0,0.0,0,,0.0,0,0.0,,0.0,,0.0,0.0,,,0.0,,0.0,103,0.0,159.0,0,,0.0,0.0,,
17,1971,5,1941,,267,247.0,0.0,,63.0,46.0,155,344.0,0.0,0,,0.0,0,0.0,,37.0,,282.0,282.0,,,0.0,,0.0,133,0.0,263.0,93,,0.0,11.0,,
18,1971,6,8024,,503,584.0,0.0,,853.0,123.0,1179,339.0,0.0,0,,436.0,0,205.0,,63.0,,615.0,615.0,,,0.0,,277.0,693,121.0,922.0,401,,0.0,710.0,,
19,1971,7,9841,,250,409.0,344.0,,949.0,291.0,1518,550.0,0.0,278,,790.0,0,489.0,,48.0,,793.0,793.0,,,0.0,,452.0,399,298.0,780.0,598,,95.0,510.0,,
20,1971,8,10674,,233,381.0,312.0,,707.0,307.0,680,540.0,295.0,538,,989.0,525,500.0,,135.0,,870.0,870.0,,,369.0,,452.0,507,438.0,1113.0,0,,212.0,571.0,,
21,1971,9,6285,,394,409.0,392.0,,184.0,172.0,112,259.0,94.0,292,,430.0,0,313.0,,80.0,,425.0,425.0,,,897.0,,264.0,164,403.0,273.0,263,,116.0,349.0,,
22,1971,10,3480,,152,107.0,128.0,,59.0,166.0,163,118.0,302.0,135,,0.0,0,0.0,,106.0,,230.0,230.0,,,445.0,,81.0,72,250.0,260.0,198,,249.0,259.0,,
23,1971,11,2518,,114,1283.0,41.0,,0.0,57.0,91,95.0,0.0,66,,0.0,0,0.0,,6.0,,172.0,172.0,,,58.0,,86.0,41,49.0,175.0,0,,99.0,85.0,,
24,1971,12,1,,0,0.0,0.0,,0.0,0.0,0,0.0,0.0,0,,,0,0.0,,0.0,,0.0,0.0,,,0.0,,0.0,1,0.0,0.0,0,,0.0,0.0,,
25,1972,1,21,,0,0.0,3.0,,0.0,0.0,0,0.0,0.0,0,,,0,0.0,,0.0,,0.0,0.0,,,0.0,,10.0,0,4.0,0.0,0,,0.0,4.0,,
26,1972,2,427,,58,13.0,16.0,,2.0,0.0,4,11.0,0.0,70,,,0,4.0,,0.0,,59.0,59.0,,,20.0,,13.0,2,42.0,16.0,15,,42.0,40.0,,
27,1972,3,366,,0,0.0,14.0,,0.0,15.0,0,12.0,4.0,2,,,0,7.0,,0.0,,10.0,10.0,,,35.0,,0.0,0,53.0,14.0,0,,90.0,110.0,,
28,1972,4,1949,,121,59.0,6.0,,87.0,117.0,52,248.0,0.0,177,,,27,37.0,,64.0,,46.0,46.0,,,89.0,,19.0,37,31.0,45.0,8,,234.0,445.0,,
29,1972,5,3038,,130,64.0,134.0,,15.0,252.0,124,340.0,0.0,257,,,130,22.0,,121.0,,123.0,123.0,,,127.0,,88.0,105,100.0,253.0,0,,269.0,384.0,,
30,1972,6,7071,,262,512.0,268.0,,457.0,369.0,288,353.0,171.0,246,,,159,110.0,,0.0,,470.0,470.0,,,625.0,,208.0,450,239.0,1055.0,0,,0.0,829.0,,
31,1972,7,6449,,248,242.0,307.0,,372.0,206.0,324,249.0,257.0,203,,,217,169.0,,137.0,,454.0,454.0,,,418.0,,109.0,315,325.0,624.0,0,,447.0,826.0,,
32,1972,8,7930,,458,586.0,261.0,,565.0,385.0,839,380.0,371.0,366,,,228,372.0,,0.0,,722.0,722.0,,,130.0,,248.0,309,0.0,1029.0,0,,202.0,479.0,,
33,1972,9,2607,,90,42.0,137.0,,0.0,69.0,56,110.0,130.0,259,,,138,131.0,,0.0,,73.0,73.0,,,204.0,,175.0,100,201.0,148.0,0,,191.0,353.0,,
34,1972,10,2143,,29,167.0,101.0,,88.0,57.0,440,105.0,52.0,62,,,45,17.0,,0.0,,88.0,88.0,,,6.0,,51.0,53,118.0,326.0,0,,36.0,302.0,,
35,1972,11,19,,0,0.0,0.0,,0.0,1.0,1,0.0,0.0,0,,,0,1.0,,0.0,,6.0,6.0,,,0.0,,0.0,4,1.0,3.0,0,,2.0,0.0,,
36,1972,12,0,,0,0.0,0.0,,0.0,0.0,0,0.0,0.0,0,,,0,0.0,,0.0,,0.0,0.0,,,0.0,,0.0,0,0.0,0.0,0,,0.0,0.0,,
37,1973,1,100,,0,0.0,12.0,0.0,5.0,10.0,3,0.0,,0,,0.0,25,0.0,,0.0,,0.0,0.0,,,24.0,0.0,11.0,0,8.0,2.0,0,,0.0,,,
38,1973,2,371,,12,0.0,63.0,0.0,8.0,30.0,4,21.0,,9,,0.0,42,10.0,,0.0,,4.0,4.0,,,15.0,0.0,17.0,0,7.0,20.0,1,,108.0,,,
39,1973,3,676,,81,99.0,10.0,0.0,14.0,53.0,2,32.0,,40,,0.0,27,75.0,,0.0,,89.0,89.0,,,0.0,0.0,0.0,35,8.0,95.0,0,,16.0,,,
40,1973,4,2014,,42,53.0,95.0,54.0,142.0,72.0,6,131.0,,250,,0.0,100,32.0,,22.0,,85.0,85.0,,,114.0,0.0,46.0,181,23.0,206.0,42,,318.0,,,
41,1973,5,8775,,508,500.0,259.0,454.0,457.0,445.0,496,621.0,,486,,384.0,470,263.0,,373.0,,470.0,470.0,,,284.0,0.0,186.0,377,392.0,620.0,171,,559.0,,,
42,1973,6,9224,,502,0.0,835.0,182.0,407.0,489.0,790,414.0,,431,,335.0,531,361.0,,250.0,,428.0,428.0,,,262.0,0.0,491.0,453,744.0,580.0,186,,553.0,,,
43,1973,7,7438,,392,445.0,350.0,489.0,407.0,332.0,874,0.0,,203,,251.0,186,214.0,,107.0,,570.0,570.0,,,162.0,0.0,271.0,608,192.0,717.0,290,,378.0,,,
44,1973,8,6451,,266,305.0,194.0,53.0,276.0,138.0,463,238.0,,472,,366.0,276,224.0,,110.0,,566.0,566.0,,,121.0,316.0,137.0,481,94.0,854.0,320,,181.0,,,
45,1973,9,7189,,398,0.0,584.0,205.0,551.0,127.0,382,348.0,,397,,385.0,563,226.0,,39.0,,327.0,327.0,,,0.0,328.0,586.0,133,531.0,634.0,295,,150.0,,,
46,1973,10,2999,,308,0.0,60.0,157.0,225.0,198.0,242,128.0,,207,,135.0,181,131.0,,0.0,,71.0,71.0,,,0.0,153.0,145.0,138,222.0,65.0,153,,80.0,,,
47,1973,11,2638,,171,197.0,27.0,0.0,259.0,160.0,248,64.0,,60,,319.0,27,45.0,,0.0,,187.0,187.0,,,0.0,185.0,5.0,126,12.0,356.0,102,,88.0,,,
48,1973,12,1151,,197,151.0,27.0,0.0,40.0,0.0,13,86.0,,44,,54.0,58,97.0,,4.0,,79.0,79.0,,,0.0,64.0,19.0,2,4.0,41.0,134,,37.0,,,
49,1974,1,53,,2,0.0,0.0,0.0,7.0,0.0,3,,,1,4.0,3.0,0,0.0,0.0,0.0,,10.0,10.0,,,0.0,,0.0,1,,22.0,0,,0.0,0.0,,
50,1974,2,0,,0,0.0,0.0,0.0,0.0,0.0,0,,,0,0.0,0.0,0,0.0,0.0,0.0,,0.0,0.0,,,0.0,,0.0,0,,0.0,0,,0.0,0.0,,
51,1974,3,2586,,149,218.0,68.0,274.0,158.0,84.0,158,,,68,64.0,256.0,84,112.0,129.0,174.0,,76.0,76.0,,,0.0,,92.0,0,,207.0,107,,27.0,81.0,,
52,1974,4,2461,,187,87.0,120.0,127.0,80.0,234.0,76,,,146,130.0,48.0,156,44.0,44.0,37.0,,10.0,10.0,,,0.0,,10.0,0,,114.0,77,,338.0,396.0,,
53,1974,5,5459,,265,207.0,254.0,330.0,323.0,203.0,486,,,316,353.0,264.0,71,202.0,238.0,301.0,,138.0,138.0,,,0.0,,91.0,0,,251.0,168,,493.0,505.0,,
54,1974,6,9836,,289,433.0,221.0,360.0,958.0,488.0,832,,,344,577.0,434.0,191,160.0,287.0,251.0,,797.0,797.0,,,0.0,,172.0,441,,783.0,127,,677.0,1014.0,,
55,1974,7,16210,,684,817.0,474.0,578.0,943.0,763.0,1291,,,714,1337.0,793.0,492,353.0,615.0,792.0,,780.0,780.0,,,526.0,,513.0,489,,1314.0,528,,286.0,1128.0,,
56,1974,8,8676,,238,437.0,416.0,210.0,529.0,271.0,1059,,,152,524.0,399.0,276,436.0,403.0,442.0,,384.0,384.0,,,106.0,,452.0,317,,533.0,238,,0.0,854.0,,
57,1974,9,7095,,361,341.0,130.0,2.0,347.0,442.0,210,,,260,361.0,613.0,210,225.0,450.0,452.0,,379.0,379.0,,,217.0,,263.0,401,,369.0,348,,0.0,714.0,,
58,1974,10,4103,,153,201.0,168.0,18.0,308.0,150.0,116,,,210,386.0,118.0,99,99.0,240.0,312.0,,181.0,181.0,,,0.0,,143.0,252,,221.0,183,,97.0,448.0,,
59,1974,11,693,,18,53.0,0.0,1.0,63.0,65.0,88,,,0,79.0,89.0,8,9.0,1.0,1.0,,66.0,66.0,,,0.0,,0.0,23,,105.0,0,,16.0,8.0,,
60,1974,12,3,,0,0.0,3.0,0.0,0.0,0.0,0,,,0,0.0,0.0,0,0.0,0.0,0.0,,0.0,0.0,,,0.0,,0.0,0,,0.0,0,,0.0,0.0,,
61,1975,1,33,,0,0.0,4.0,0.0,0.0,0.0,0,1.0,,0,0.0,0.0,4,7.0,0.0,,,0.0,0.0,,,0.0,0.0,9.0,0,2.0,,6,,0.0,0.0,,
62,1975,2,262,,1,16.0,6.0,0.0,5.0,43.0,0,29.0,,19,63.0,3.0,0,0.0,0.0,,,0.0,0.0,,,0.0,0.0,5.0,0,6.0,,35,,0.0,31.0,,
63,1975,3,150,,0,0.0,24.0,1.0,0.0,6.0,0,13.0,,0,0.0,0.0,11,10.0,0.0,,,0.0,0.0,,,0.0,0.0,12.0,6,3.0,,0,,0.0,64.0,,
64,1975,4,1458,,0,0.0,52.0,2.0,65.0,84.0,11,98.0,,114,49.0,0.0,178,10.0,3.0,,,108.0,108.0,,,8.0,18.0,55.0,183,146.0,,19,,0.0,255.0,,
65,1975,5,5118,,230,161.0,223.0,101.0,251.0,194.0,254,317.0,,256,163.0,370.0,138,130.0,265.0,,,244.0,244.0,,,3.0,167.0,109.0,108,445.0,,117,,305.0,567.0,,
66,1975,6,5526,,353,428.0,112.0,161.0,389.0,259.0,484,235.0,,210,319.0,363.0,200,142.0,268.0,,,289.0,289.0,,,0.0,115.0,71.0,508,116.0,,219,,285.0,0.0,,
67,1975,7,13991,,321,597.0,490.0,474.0,906.0,516.0,1293,559.0,,581,328.0,1235.0,624,444.0,737.0,,,903.0,903.0,,,0.0,479.0,381.0,649,468.0,,692,,253.0,1061.0,,
68,1975,8,5599,,351,252.0,107.0,124.0,294.0,143.0,462,307.0,,234,250.0,449.0,225,128.0,351.0,,,238.0,238.0,,,17.0,325.0,179.0,262,164.0,,0,,0.0,737.0,,
69,1975,9,5720,,0,320.0,204.0,147.0,312.0,258.0,280,329.0,,293,222.0,289.0,177,150.0,356.0,,,371.0,371.0,,,0.0,540.0,197.0,220,290.0,,152,,147.0,466.0,,
70,1975,10,5988,,150,263.0,209.0,15.0,231.0,182.0,667,232.0,,244,677.0,513.0,178,215.0,480.0,,,599.0,599.0,,,0.0,275.0,125.0,195,123.0,,138,,106.0,171.0,,
71,1975,11,1988,,44,149.0,1.0,7.0,145.0,128.0,300,25.0,,18,147.0,249.0,60,7.0,184.0,,,119.0,119.0,,,0.0,101.0,1.0,115,0.0,,13,,83.0,92.0,,
72,1975,12,25,,0,0.0,0.0,0.0,0.0,0.0,25,0.0,,0,0.0,0.0,0,0.0,0.0,,,0.0,0.0,,,0.0,0.0,0.0,0,0.0,,0,,0.0,0.0,,
73,1976,1,0,,0,0.0,0.0,0.0,0.0,0.0,0,0.0,,0,0.0,0.0,0,0.0,0.0,0.0,,,,,,0.0,0.0,0.0,0,0.0,0.0,0,,0.0,0.0,,
74,1976,2,410,,20,45.0,11.0,0.0,6.0,10.0,0,7.0,,18,37.0,26.0,17,28.0,0.0,70.0,,,,,,8.0,24.0,10.0,0,0.0,0.0,62,,0.0,11.0,,
75,1976,3,629,,2,1.0,22.0,0.0,2.0,49.0,0,117.0,,0,47.0,32.0,8,21.0,0.0,0.0,,,,,,0.0,0.0,4.0,0,1.0,0.0,0,,0.0,323.0,,
76,1976,4,1797,,100,86.0,45.0,0.0,50.0,44.0,86,34.0,,103,140.0,215.0,23,68.0,59.0,59.0,,,,,,84.0,46.0,10.0,123,116.0,0.0,116,,93.0,97.0,,
77,1976,5,5411,,164,281.0,157.0,27.0,123.0,266.0,244,459.0,,403,289.0,303.0,352,141.0,258.0,288.0,,,,,,237.0,0.0,235.0,181,203.0,175.0,188,,0.0,437.0,,
78,1976,6,13176,,330,414.0,396.0,182.0,1041.0,521.0,889,627.0,,315,1002.0,732.0,496,243.0,413.0,340.0,,,,,,394.0,0.0,234.0,874,427.0,866.0,0,,1285.0,1155.0,,
79,1976,7,11679,,350,530.0,429.0,110.0,0.0,517.0,50,346.0,,598,537.0,806.0,790,253.0,849.0,305.0,,,,,,577.0,0.0,242.0,783,500.0,1064.0,418,,529.0,1096.0,,
80,1976,8,10545,,379,669.0,453.0,0.0,377.0,435.0,671,361.0,,250,722.0,865.0,499,278.0,172.0,378.0,,,,,,475.0,0.0,389.0,377,436.0,975.0,237,,267.0,880.0,,
81,1976,9,5447,,305,212.0,296.0,37.0,96.0,17.0,49,165.0,,156,263.0,391.0,332,132.0,167.0,363.0,,,,,,195.0,0.0,257.0,389,157.0,466.0,172,,606.0,224.0,,
82,1976,10,3182,,147,153.0,69.0,6.0,163.0,96.0,235,114.0,,81,147.0,213.0,89,11.0,315.0,114.0,,,,,,135.0,0.0,45.0,160,54.0,336.0,84,,155.0,260.0,,
83,1976,11,956,,23,42.0,4.0,0.0,251.0,10.0,275,8.0,,0,19.0,54.0,3,4.0,0.0,11.0,,,,,,0.0,0.0,1.0,143,1.0,44.0,18,,0.0,45.0,,
84,1976,12,35,,25,0.0,0.0,0.0,10.0,0.0,0,0.0,,0,0.0,0.0,0,0.0,0.0,0.0,,,,,,0.0,0.0,0.0,0,0.0,0.0,0,,0.0,0.0,,
85,1977,1,218,,9,60.0,0.0,0.0,0.0,0.0,0,0.0,,4,18.0,22.0,0,1.0,15.0,4.0,,,,17.0,,12.0,0.0,4.0,20,0.0,0.0,1,0.0,0.0,16.0,,0.0
86,1977,1,218,,9,60.0,0.0,0.0,0.0,0.0,0,0.0,,4,18.0,22.0,0,1.0,15.0,4.0,,,,17.0,,12.0,0.0,4.0,20,0.0,0.0,1,0.0,0.0,16.0,,0.0
87,1977,2,1049,,36,64.0,0.0,6.0,71.0,78.0,22,66.0,,18,98.0,61.0,0,25.0,13.0,0.0,,,,51.0,,119.0,18.0,19.0,29,0.0,77.0,84,0.0,51.0,43.0,,0.0
88,1977,3,213,,0,0.0,0.0,0.0,0.0,7.0,0,71.0,,0,0.0,0.0,0,0.0,,0.0,,,,2.0,,0.0,0.0,0.0,0,0.0,0.0,0,0.0,0.0,133.0,,0.0
89,1977,4,8404,,307,436.0,0.0,0.0,418.0,359.0,566,255.0,,263,435.0,513.0,272,162.0,280.0,157.0,,,,444.0,,327.0,87.0,229.0,389,140.0,507.0,132,0.0,695.0,759.0,,272.0
90,1977,5,8383,,157,319.0,0.0,0.0,271.0,392.0,354,381.0,,175,521.0,496.0,257,181.0,307.0,245.0,,,,294.0,,729.0,443.0,241.0,250,320.0,315.0,192,290.0,510.0,387.0,,356.0
91,1977,6,16026,,557,672.0,0.0,0.0,430.0,417.0,930,252.0,,762,572.0,737.0,1167,344.0,668.0,355.0,,,,529.0,,794.0,859.0,543.0,502,550.0,1065.0,485,770.0,500.0,787.0,,779.0
92,1977,7,13685,,299,462.0,365.0,0.0,715.0,435.0,1077,306.0,,323,773.0,646.0,518,301.0,346.0,0.0,,,,496.0,,250.0,762.0,399.0,520,384.0,1093.0,621,995.0,0.0,516.0,,1083.0
93,1977,8,9519,,138,309.0,173.0,276.0,328.0,116.0,649,92.0,,142,425.0,410.0,228,99.0,571.0,276.0,,,,113.0,,176.0,476.0,157.0,487,334.0,729.0,258,495.0,311.0,743.0,,1008.0
94,1977,9,4781,,237,327.0,169.0,154.0,92.0,149.0,239,131.0,,190,237.0,342.0,75,224.0,159.0,57.0,,,,184.0,,189.0,0.0,121.0,164,101.0,320.0,176,118.0,121.0,104.0,,401.0
95,1977,10,3470,,69,89.0,157.0,80.0,124.0,132.0,25,273.0,,150,61.0,129.0,157,93.0,162.0,0.0,,,,136.0,,196.0,139.0,162.0,67,155.0,55.0,75,123.0,189.0,397.0,,75.0
96,1977,11,1268,,53,137.0,48.0,122.0,35.0,35.0,53,10.0,,8,33.0,38.0,1,30.0,60.0,17.0,,,,46.0,,36.0,47.0,10.0,44,0.0,38.0,23,39.0,92.0,54.0,,15.0
97,1977,11,1268,,53,137.0,48.0,122.0,35.0,35.0,53,10.0,,8,33.0,38.0,1,30.0,60.0,17.0,,,,46.0,,36.0,47.0,10.0,44,0.0,38.0,23,39.0,92.0,54.0,,15.0
98,1977,11,1268,,53,137.0,48.0,122.0,35.0,35.0,53,10.0,,8,33.0,38.0,1,30.0,60.0,17.0,,,,46.0,,36.0,47.0,10.0,44,0.0,38.0,23,39.0,92.0,54.0,,15.0
99,1977,11,1268,,53,137.0,48.0,122.0,35.0,35.0,53,10.0,,8,33.0,38.0,1,30.0,60.0,17.0,,,,46.0,,36.0,47.0,10.0,44,0.0,38.0,23,39.0,92.0,54.0,,15.0
100,1977,12,291,,0,0.0,,0.0,0.0,5.0,31,24.0,,4,0.0,0.0,67,40.0,0.0,11.0,,,,9.0,,19.0,0.0,33.0,0,12.0,0.0,17,0.0,15.0,4.0,,0.0
101,1978,1,16,,0,0.0,2.0,,0.0,,0,0.0,,0,0.0,5.0,0,,8.0,0.0,,0.0,0.0,0.0,,0.0,0.0,1.0,0,0.0,0.0,0,0.0,0.0,0.0,,0.0
102,1978,2,104,,0,0.0,0.0,,0.0,,0,20.0,,13,8.0,0.0,0,,0.0,3.0,,0.0,0.0,4.0,,0.0,0.0,46.0,0,0.0,0.0,10,0.0,0.0,0.0,,0.0
103,1978,3,513,,14,1.0,25.0,,2.0,,0,18.0,,19,20.0,67.0,34,,1.0,19.0,,0.0,0.0,22.0,,46.0,24.0,62.0,0,8.0,11.0,32,5.0,33.0,50.0,,0.0
104,1978,4,3037,,242,189.0,155.0,,48.0,,270,194.0,,42,115.0,108.0,158,,134.0,81.0,,39.0,39.0,155.0,,119.0,111.0,93.0,0,150.0,187.0,100,120.0,0.0,199.0,,28.0
105,1978,5,10937,,387,517.0,374.0,,369.0,,518,454.0,,205,556.0,700.0,266,,448.0,226.0,,408.0,408.0,311.0,,405.0,673.0,104.0,385,289.0,527.0,198,755.0,651.0,791.0,,420.0
106,1978,6,13611,,631,512.0,654.0,,811.0,,621,529.0,,401,429.0,1049.0,282,,435.0,436.0,,84.0,84.0,332.0,,509.0,560.0,492.0,713,394.0,425.0,229,807.0,686.0,870.0,,720.0
107,1978,7,9815,,409,514.0,306.0,,277.0,,535,320.0,,9,458.0,530.0,104,,661.0,341.0,,0.0,0.0,387.0,,475.0,438.0,126.0,332,530.0,361.0,328,848.0,240.0,722.0,,564.0
108,1978,8,9276,,403,586.0,191.0,,425.0,,571,426.0,,192,439.0,555.0,0,,431.0,301.0,,0.0,0.0,290.0,,124.0,644.0,149.0,336,196.0,711.0,312,553.0,343.0,256.0,,842.0
109,1978,9,9447,,300,438.0,161.0,,381.0,,479,192.0,,203,416.0,507.0,246,,332.0,453.0,,0.0,0.0,151.0,,213.0,448.0,545.0,441,511.0,479.0,728,645.0,128.0,335.0,,715.0
110,1978,10,2662,,127,116.0,2.0,,192.0,,187,98.0,,46,99.0,86.0,44,,208.0,127.0,,0.0,0.0,92.0,,33.0,136.0,92.0,164,60.0,90.0,157,80.0,51.0,171.0,,153.0
111,1978,10,2662,,127,116.0,2.0,,192.0,,187,98.0,,46,99.0,86.0,44,,208.0,127.0,,0.0,0.0,92.0,,33.0,136.0,92.0,164,60.0,90.0,157,80.0,51.0,171.0,,153.0
112,1978,11,178,,3,6.0,0.0,,0.0,,0,0.0,,0,0.0,2.0,0,,0.0,0.0,,0.0,0.0,4.0,,0.0,103.0,24.0,2,7.0,0.0,24,0.0,1.0,2.0,,0.0
113,1978,12,8,,0,0.0,0.0,,0.0,,0,0.0,,0,0.0,8.0,0,,0.0,0.0,,0.0,0.0,0.0,,0.0,0.0,0.0,0,0.0,0.0,0,0.0,0.0,0.0,,0.0
114,1979,1,261,,1,,9.0,38.0,1.0,7.0,0,3.0,,9,0.0,0.0,24,45.0,8.0,12.0,,3.0,3.0,,,0.0,1.0,45.0,0,1.0,4.0,48,0.0,2.0,0.0,,0.0
115,1979,2,281,,14,,15.0,21.0,2.0,8.0,0,13.0,,27,7.0,15.0,25,36.0,2.0,26.0,,5.0,5.0,,,2.0,2.0,17.0,2,15.0,7.0,0,0.0,7.0,7.0,,6.0
116,1979,3,462,,30,,10.0,7.0,1.0,35.0,0,6.0,,65,64.0,1.0,5,6.0,56.0,1.0,,65.0,65.0,,,6.0,0.0,2.0,0,4.0,2.0,14,0.0,24.0,58.0,,0.0
117,1979,4,992,,38,,95.0,115.0,43.0,20.0,3,17.0,,22,17.0,17.0,18,18.0,9.0,12.0,,50.0,50.0,,,45.0,0.0,35.0,61,36.0,47.0,10,3.0,135.0,119.0,,7.0
118,1979,5,2550,,67,,38.0,218.0,213.0,26.0,22,114.0,,14,153.0,94.0,4,17.0,59.0,97.0,,79.0,79.0,,,195.0,0.0,13.0,172,137.0,62.0,47,46.0,279.0,356.0,,28.0
119,1979,6,10507,,453,,145.0,629.0,653.0,173.0,35,258.0,,467,653.0,634.0,373,203.0,832.0,356.0,,540.0,540.0,,,184.0,395.0,46.0,519,291.0,700.0,251,170.0,419.0,929.0,,199.0
120,1979,7,12068,,559,,725.0,556.0,446.0,167.0,195,267.0,,296,0.0,718.0,432,359.0,395.0,533.0,,639.0,639.0,,,220.0,378.0,492.0,710,677.0,670.0,295,94.0,451.0,1322.0,,472.0
121,1979,8,12147,,642,,641.0,0.0,920.0,486.0,332,525.0,,377,0.0,1115.0,463,394.0,740.0,633.0,,525.0,525.0,,,125.0,682.0,275.0,605,510.0,618.0,319,191.0,282.0,288.0,,459.0
122,1979,9,7940,,316,,463.0,289.0,425.0,344.0,102,382.0,,278,0.0,580.0,163,402.0,545.0,239.0,,340.0,340.0,,,100.0,480.0,379.0,355,202.0,388.0,90,84.0,270.0,587.0,,137.0
123,1979,10,2123,,127,,45.0,32.0,59.0,157.0,17,146.0,,181,0.0,165.0,6,119.0,0.0,93.0,,8.0,8.0,,,52.0,57.0,188.0,63,132.0,54.0,69,15.0,39.0,249.0,,50.0
124,1979,11,614,,31,,27.0,10.0,52.0,29.0,0,55.0,,36,54.0,9.0,33,14.0,0.0,0.0,,60.0,60.0,,,18.0,40.0,28.0,81,0.0,5.0,0,7.0,19.0,6.0,,0.0
125,1979,12,738,,47,,14.0,8.0,36.0,9.0,10,51.0,,37,16.0,32.0,10,38.0,0.0,31.0,,26.0,26.0,,,11.0,51.0,28.0,36,43.0,51.0,31,12.0,66.0,33.0,,11.0
126,1980,1,95,,0,0.0,9.0,,0.0,0.0,0,3.0,,3,12.0,0.0,13,8.0,0.0,0.0,,0.0,0.0,0.0,,2.0,,29.0,10,3.0,0.0,3,0.0,0.0,0.0,,0.0
127,1980,2,1124,,55,144.0,3.0,,28.0,41.0,2,32.0,,99,41.0,13.0,6,60.0,17.0,101.0,,61.0,61.0,32.0,,11.0,,12.0,76,14.0,48.0,166,25.0,4.0,33.0,,0.0
128,1980,3,1599,,47,144.0,15.0,,52.0,50.0,27,54.0,,54,66.0,141.0,6,57.0,47.0,151.0,,71.0,71.0,87.0,,16.0,,69.0,90,22.0,74.0,74,13.0,53.0,114.0,,5.0
129,1980,4,1596,,13,42.0,69.0,,46.0,82.0,0,147.0,,98,74.0,22.0,0,4.0,21.0,23.0,,45.0,45.0,54.0,,84.0,,0.0,41,38.0,46.0,11,4.0,113.0,519.0,,0.0
130,1980,5,10086,,235,749.0,263.0,,456.0,429.0,117,414.0,,397,515.0,299.0,381,193.0,272.0,222.0,,554.0,554.0,247.0,,723.0,,156.0,628,354.0,784.0,99,111.0,631.0,758.0,,99.0
131,1980,6,8140,,272,435.0,326.0,,517.0,195.0,258,323.0,,341,115.0,385.0,269,214.0,502.0,348.0,,267.0,267.0,231.0,,289.0,,349.0,435,426.0,233.0,192,48.0,362.0,457.0,,351.0
132,1980,7,11735,,526,678.0,410.0,,627.0,472.0,185,380.0,,312,137.0,885.0,206,309.0,560.0,300.0,,784.0,784.0,381.0,,309.0,,281.0,997,276.0,1555.0,0,126.0,294.0,449.0,,296.0
133,1980,8,9531,,297,308.0,237.0,,702.0,428.0,267,269.0,,243,219.0,724.0,101,309.0,649.0,421.0,,376.0,376.0,291.0,,464.0,,316.0,448,579.0,682.0,209,137.0,190.0,307.0,,358.0
134,1980,9,5145,,192,180.0,195.0,,229.0,219.0,0,296.0,,213,32.0,302.0,248,85.0,232.0,137.0,,273.0,273.0,303.0,,214.0,,215.0,249,340.0,288.0,104,48.0,322.0,154.0,,75.0
135,1980,10,5674,,282,322.0,89.0,,275.0,175.0,0,300.0,,290,307.0,387.0,210,119.0,308.0,126.0,,186.0,186.0,266.0,,209.0,,149.0,279,68.0,290.0,110,88.0,213.0,489.0,,137.0
136,1980,11,26,,0,0.0,0.0,,0.0,0.0,0,0.0,,22,3.0,0.0,0,0.0,0.0,0.0,,1.0,1.0,0.0,,0.0,,0.0,0,0.0,0.0,0,0.0,0.0,0.0,,0.0
137,1980,12,5,,0,0.0,0.0,,0.0,2.0,0,0.0,,0,0.0,0.0,0,0.0,0.0,1.0,,2.0,2.0,0.0,,0.0,,0.0,0,0.0,0.0,0,0.0,0.0,0.0,,0.0
138,1981,1,732,,24,51.0,32.0,8.0,15.0,16.0,31,10.0,27.0,10,0.0,,30,8.0,35.0,23.0,,108.0,108.0,56.0,,12.0,36.0,71.0,0,20.0,42.0,31,0.0,,21.0,,15.0
139,1981,2,771,,43,16.0,20.0,6.0,2.0,13.0,0,42.0,47.0,58,37.0,,81,108.0,13.0,42.0,,4.0,4.0,35.0,,48.0,13.0,49.0,0,10.0,1.0,40,2.0,,39.0,,2.0
140,1981,3,2315,,115,119.0,25.0,20.0,129.0,101.0,40,109.0,0.0,140,72.0,,64,45.0,97.0,220.0,,77.0,77.0,142.0,,51.0,184.0,26.0,0,13.0,143.0,120,131.0,,109.0,,23.0
141,1981,4,8492,,412,415.0,189.0,893.0,279.0,470.0,219,274.0,78.0,357,432.0,,360,292.0,179.0,347.0,,265.0,265.0,340.0,,280.0,296.0,240.0,230,137.0,474.0,264,157.0,,420.0,,193.0
142,1981,5,9653,,280,258.0,240.0,599.0,341.0,383.0,240,272.0,595.0,263,580.0,,323,234.0,166.0,236.0,,488.0,488.0,294.0,,369.0,254.0,290.0,344,432.0,325.0,180,408.0,,1000.0,,259.0
143,1981,6,9400,,433,556.0,193.0,403.0,364.0,315.0,705,168.0,103.0,283,463.0,,223,124.0,397.0,227.0,,529.0,529.0,207.0,,103.0,606.0,159.0,337,104.0,264.0,200,456.0,,351.0,,1127.0
144,1981,7,16321,,521,561.0,379.0,436.0,825.0,511.0,839,356.0,715.0,422,1091.0,,478,377.0,618.0,425.0,,1043.0,1043.0,434.0,,683.0,677.0,574.0,262,0.0,917.0,570,290.0,,1113.0,,1204.0
145,1981,8,10052,,217,378.0,278.0,235.0,343.0,250.0,445,188.0,289.0,740,371.0,,211,292.0,326.0,268.0,,717.0,717.0,0.0,,262.0,373.0,340.0,447,0.0,662.0,289,539.0,,747.0,,845.0
146,1981,9,7390,,173,265.0,301.0,147.0,150.0,112.0,438,320.0,214.0,199,254.0,,423,251.0,302.0,188.0,,328.0,328.0,0.0,,278.0,216.0,398.0,371,0.0,537.0,273,315.0,,464.0,,473.0
147,1981,10,705,,71,4.0,0.0,14.0,20.0,0.0,61,82.0,0.0,35,10.0,,0,0.0,24.0,29.0,,27.0,27.0,0.0,,22.0,18.0,0.0,42,0.0,50.0,8,30.0,,43.0,,115.0
148,1981,11,128,,0,0.0,0.0,0.0,1.0,0.0,5,9.0,5.0,0,0.0,,0,0.0,0.0,0.0,,0.0,0.0,0.0,,0.0,0.0,3.0,24,0.0,0.0,0,0.0,,0.0,,81.0
149,1981,12,1122,,33,26.0,82.0,40.0,0.0,27.0,29,35.0,44.0,92,13.0,,48,148.0,12.0,65.0,,24.0,24.0,0.0,,79.0,3.0,91.0,0,47.0,25.0,98,6.0,,26.0,,29.0
150,1982,1,0,,0,0.0,0.0,0.0,0.0,0.0,0,0.0,0.0,0,0.0,0.0,0,0.0,0.0,0.0,,0.0,0.0,0.0,,0.0,0.0,0.0,0,0.0,0.0,0,0.0,0.0,0.0,,0.0
151,1982,2,691,,57,56.0,4.0,46.0,7.0,12.0,22,15.0,2.0,24,16.0,0.0,8,4.0,9.0,15.0,,54.0,54.0,4.0,,2.0,34.0,10.0,71,7.0,41.0,60,6.0,71.0,27.0,,7.0
152,1982,3,934,,17,16.0,32.0,36.0,53.0,7.0,13,81.0,8.0,63,4.0,5.0,81,52.0,6.0,23.0,,9.0,9.0,47.0,,65.0,0.0,80.0,0,5.0,15.0,31,70.0,31.0,80.0,,4.0
153,1982,4,5352,,178,208.0,48.0,205.0,143.0,232.0,123,104.0,111.0,126,413.0,161.0,133,224.0,106.0,135.0,,275.0,275.0,128.0,,124.0,179.0,139.0,84,100.0,246.0,112,205.0,320.0,732.0,,58.0
154,1982,5,3540,,65,93.0,121.0,161.0,44.0,358.0,26,154.0,101.0,217,158.0,27.0,144,71.0,116.0,30.0,,67.0,67.0,101.0,,276.0,53.0,43.0,103,99.0,25.0,80,56.0,219.0,509.0,,23.0
155,1982,6,17038,,465,515.0,234.0,664.0,746.0,593.0,1199,514.0,264.0,211,763.0,581.0,227,319.0,603.0,340.0,,797.0,797.0,457.0,,689.0,983.0,260.0,308,649.0,946.0,207,915.0,366.0,870.0,,1353.0
156,1982,7,12950,,223,261.0,360.0,815.0,475.0,219.0,866,136.0,260.0,210,687.0,604.0,201,171.0,523.0,129.0,,852.0,852.0,240.0,,582.0,553.0,189.0,229,473.0,478.0,206,694.0,291.0,807.0,,1216.0
157,1982,8,16618,,593,579.0,262.0,939.0,797.0,519.0,850,346.0,361.0,271,894.0,754.0,205,195.0,915.0,386.0,,1033.0,1033.0,374.0,,337.0,892.0,217.0,306,347.0,1155.0,387,686.0,425.0,661.0,,932.0
158,1982,9,9036,,219,246.0,120.0,250.0,401.0,194.0,483,258.0,164.0,147,406.0,294.0,155,232.0,329.0,268.0,,435.0,435.0,293.0,,243.0,877.0,66.0,299,455.0,352.0,230,405.0,227.0,513.0,,475.0
159,1982,10,1151,,6,11.0,30.0,17.0,5.0,19.0,3,146.0,42.0,25,9.0,23.0,31,5.0,8.0,22.0,,46.0,46.0,53.0,,28.0,69.0,38.0,45,64.0,149.0,27,143.0,44.0,29.0,,14.0
160,1982,11,1022,,34,29.0,11.0,83.0,43.0,32.0,119,51.0,29.0,116,37.0,13.0,67,21.0,29.0,29.0,,18.0,18.0,61.0,,8.0,5.0,60.0,7,1.0,13.0,19,11.0,23.0,5.0,,48.0
161,1982,12,48,,11,0.0,1.0,8.0,1.0,0.0,0,0.0,0.0,0,0.0,1.0,1,1.0,0.0,3.0,,5.0,5.0,0.0,,0.0,13.0,1.0,0,1.0,0.0,1,0.0,0.0,0.0,,0.0
162,1983,1,439,,8,10.0,7.0,10.0,5.0,14.0,8,14.0,11.0,4,15.0,20.0,15,20.0,20.0,49.0,,54.0,54.0,7.0,,9.0,63.0,1.0,0,6.0,31.0,17,9.0,1.0,1.0,,10.0
163,1983,2,1022,,39,33.0,3.0,14.0,44.0,25.0,47,61.0,0.0,50,53.0,41.0,45,118.0,50.0,60.0,,42.0,42.0,57.0,,3.0,29.0,2.0,39,0.0,24.0,58,12.0,22.0,43.0,,8.0
164,1983,3,2464,,18,17.0,31.0,148.0,79.0,98.0,19,138.0,20.0,87,10.0,153.0,54,71.0,28.0,37.0,,93.0,93.0,93.0,,66.0,12.0,4.0,101,46.0,51.0,22,171.0,364.0,387.0,,46.0
165,1983,4,5354,,92,239.0,31.0,440.0,219.0,93.0,123,318.0,9.0,173,99.0,115.0,79,61.0,72.0,163.0,,272.0,272.0,238.0,,115.0,308.0,34.0,195,43.0,308.0,130,457.0,403.0,500.0,,25.0
166,1983,5,11239,,318,434.0,355.0,751.0,222.0,290.0,261,348.0,311.0,320,590.0,359.0,368,361.0,275.0,358.0,,444.0,444.0,387.0,,512.0,927.0,121.0,441,272.0,345.0,202,313.0,605.0,580.0,,169.0
167,1983,6,10680,,292,573.0,102.0,512.0,609.0,195.0,721,300.0,157.0,196,349.0,504.0,153,142.0,474.0,302.0,,407.0,407.0,312.0,,112.0,953.0,65.0,259,329.0,390.0,201,243.0,431.0,667.0,,730.0
168,1983,7,13531,,399,526.0,248.0,304.0,812.0,396.0,1027,179.0,700.0,303,0.0,0.0,296,189.0,0.0,0.0,,1512.0,1512.0,315.0,,413.0,982.0,366.0,498,636.0,1077.0,195,938.0,268.0,952.0,,0.0
169,1983,8,18425,,575,490.0,274.0,676.0,1457.0,518.0,888,437.0,363.0,550,110.0,844.0,277,465.0,399.0,448.0,,1302.0,1302.0,378.0,,865.0,585.0,505.0,753,339.0,844.0,423,1450.0,535.0,858.0,,817.0
170,1983,9,8617,,312,353.0,308.0,332.0,162.0,403.0,347,322.0,320.0,173,181.0,494.0,210,255.0,319.0,244.0,,105.0,105.0,224.0,,281.0,209.0,149.0,199,258.0,435.0,253,350.0,351.0,536.0,,532.0
171,1983,10,8712,,192,400.0,378.0,401.0,390.0,221.0,379,253.0,177.0,375,301.0,440.0,157,152.0,156.0,276.0,,81.0,81.0,147.0,,453.0,192.0,358.0,275,281.0,529.0,290,766.0,124.0,278.0,,290.0
172,1983,11,1210,,48,41.0,5.0,56.0,57.0,17.0,290,0.0,0.0,0,12.0,59.0,7,0.0,41.0,6.0,,5.0,5.0,0.0,,0.0,29.0,0.0,166,0.0,65.0,4,91.0,3.0,0.0,,208.0
173,1983,12,689,,19,32.0,26.0,37.0,52.0,16.0,44,18.0,32.0,20,20.0,29.0,22,14.0,38.0,6.0,,7.0,7.0,6.0,,11.0,31.0,24.0,37,28.0,17.0,5,0.0,48.0,20.0,,30.0
174,1984,1,450,,16,9.0,11.0,25.0,1.0,12.0,3,13.0,46.0,5,19.0,13.0,11,51.0,10.0,32.0,,0.0,0.0,20.0,,13.0,11.0,31.0,13,28.0,0.0,41,0.0,0.0,8.0,,8.0
175,1984,2,37,,0,0.0,16.0,0.0,0.0,5.0,0,1.0,3.0,0,0.0,0.0,0,1.0,0.0,1.0,,0.0,0.0,0.0,,0.0,0.0,1.0,0,4.0,0.0,1,0.0,0.0,4.0,,0.0
176,1984,3,181,,1,0.0,6.0,1.0,0.0,0.0,0,5.0,13.0,54,3.0,0.0,0,0.0,0.0,0.0,,0.0,0.0,0.0,,15.0,0.0,0.0,0,17.0,0.0,0,0.0,12.0,54.0,,0.0
177,1984,4,2697,,102,130.0,48.0,32.0,125.0,98.0,66,124.0,28.0,78,48.0,202.0,101,18.0,95.0,97.0,,0.0,0.0,99.0,,28.0,82.0,10.0,45,116.0,180.0,102,177.0,80.0,296.0,,90.0
178,1984,5,12292,,283,230.0,388.0,620.0,428.0,635.0,329,707.0,311.0,473,563.0,306.0,191,305.0,200.0,227.0,,657.0,657.0,207.0,,476.0,204.0,94.0,625,545.0,363.0,126,585.0,1116.0,900.0,,198.0
179,1984,6,21269,,1025,919.0,539.0,1351.0,595.0,428.0,1275,637.0,457.0,822,436.0,698.0,450,822.0,803.0,783.0,,957.0,957.0,765.0,,512.0,669.0,325.0,449,989.0,747.0,656,638.0,409.0,596.0,,1517.0
180,1984,7,17590,,448,445.0,431.0,533.0,802.0,391.0,731,694.0,470.0,337,1292.0,608.0,316,247.0,498.0,300.0,,1390.0,1390.0,520.0,,689.0,417.0,294.0,345,812.0,852.0,325,1399.0,213.0,820.0,,971.0
181,1984,8,13840,,431,464.0,272.0,734.0,326.0,449.0,817,311.0,270.0,288,381.0,546.0,253,365.0,683.0,486.0,,1223.0,1223.0,812.0,,257.0,632.0,321.0,371,376.0,237.0,351,513.0,362.0,336.0,,973.0
182,1984,9,9448,,224,297.0,404.0,349.0,175.0,233.0,280,478.0,498.0,313,400.0,413.0,272,168.0,195.0,159.0,,440.0,440.0,214.0,,468.0,182.0,297.0,200,684.0,43.0,178,450.0,393.0,801.0,,240.0
183,1984,10,4252,,118,144.0,186.0,120.0,122.0,186.0,127,58.0,65.0,139,155.0,336.0,104,54.0,63.0,80.0,,132.0,132.0,133.0,,221.0,174.0,202.0,82,172.0,207.0,72,238.0,153.0,300.0,,109.0
184,1984,11,63,,0,0.0,0.0,0.0,0.0,0.0,0,0.0,0.0,35,0.0,0.0,0,0.0,0.0,0.0,,0.0,0.0,0.0,,0.0,0.0,0.0,0,0.0,0.0,0,0.0,5.0,23.0,,0.0
185,1984,12,134,,1,0.0,2.0,7.0,2.0,2.0,4,0.0,4.0,0,18.0,0.0,0,0.0,0.0,6.0,,0.0,0.0,20.0,,0.0,2.0,0.0,1,5.0,9.0,1,0.0,2.0,48.0,,0.0
186,1985,1,155,,1,3.0,0.0,1.0,17.0,3.0,6,8.0,0.0,2,3.0,3.0,2,46.0,2.0,9.0,0.0,0.0,0.0,2.0,,9.0,3.0,4.0,1,0.0,1.0,12,4.0,5.0,0.0,,8.0
187,1985,2,266,,2,3.0,4.0,0.0,6.0,6.0,1,1.0,5.0,2,5.0,2.0,0,4.0,25.0,6.0,0.0,0.0,0.0,0.0,,37.0,31.0,7.0,0,33.0,1.0,6,2.0,46.0,27.0,,4.0
188,1985,3,2096,,45,67.0,1.0,371.0,88.0,75.0,13,195.0,1.0,134,105.0,68.0,19,50.0,26.0,30.0,31.0,64.0,64.0,41.0,,2.0,49.0,3.0,56,44.0,89.0,38,81.0,91.0,208.0,,11.0
189,1985,4,3063,,64,80.0,54.0,119.0,143.0,151.0,68,176.0,17.0,175,133.0,123.0,35,2.0,16.0,35.0,199.0,36.0,36.0,32.0,,190.0,19.0,71.0,35,237.0,156.0,75,56.0,0.0,541.0,,25.0
190,1985,5,8819,,226,438.0,272.0,515.0,511.0,301.0,474,300.0,146.0,208,340.0,319.0,155,179.0,320.0,158.0,399.0,367.0,367.0,186.0,,260.0,295.0,190.0,183,352.0,426.0,146,460.0,0.0,368.0,,325.0
191,1985,6,13680,,322,326.0,459.0,324.0,517.0,264.0,652,399.0,551.0,219,713.0,703.0,212,318.0,537.0,308.0,421.0,525.0,525.0,801.0,,94.0,361.0,232.0,413,569.0,792.0,291,471.0,0.0,1083.0,,803.0
192,1985,7,14301,,291,298.0,235.0,341.0,1031.0,208.0,807,262.0,484.0,217,635.0,699.0,220,251.0,558.0,161.0,808.0,548.0,548.0,376.0,,251.0,392.0,274.0,506,770.0,916.0,208,765.0,136.0,670.0,,983.0
193,1985,8,12299,,308,287.0,164.0,437.0,469.0,345.0,530,317.0,278.0,214,650.0,627.0,182,300.0,340.0,344.0,489.0,780.0,780.0,498.0,,250.0,346.0,146.0,422,331.0,799.0,314,443.0,214.0,382.0,,1093.0
194,1985,9,8444,,180,238.0,365.0,536.0,143.0,266.0,259,306.0,326.0,255,261.0,169.0,221,237.0,395.0,143.0,195.0,339.0,339.0,314.0,,357.0,216.0,233.0,103,398.0,258.0,271,162.0,351.0,596.0,,351.0
195,1985,10,2884,,198,52.0,135.0,18.0,47.0,22.0,61,79.0,282.0,56,23.0,33.0,132,189.0,127.0,136.0,51.0,49.0,49.0,140.0,,104.0,80.0,77.0,35,127.0,104.0,143,83.0,50.0,114.0,,137.0
196,1985,11,1478,,8,24.0,2.0,0.0,198.0,0.0,350,0.0,0.0,0,5.0,69.0,0,0.0,19.0,12.0,188.0,9.0,9.0,0.0,,0.0,38.0,3.0,93,0.0,104.0,0,88.0,0.0,0.0,,268.0
197,1985,12,108,,0,0.0,2.0,0.0,2.0,0.0,0,10.0,7.0,0,1.0,2.0,0,0.0,0.0,0.0,0.0,0.0,0.0,0.0,,5.0,0.0,12.0,6,21.0,0.0,0,18.0,0.0,22.0,,0.0
198,1986,1,142,,6,10.0,3.0,6.0,2.0,5.0,0,22.0,0.0,3,11.0,2.0,3,9.0,3.0,8.0,0.0,8.0,8.0,0.0,,0.0,3.0,3.0,0,0.0,12.0,13,3.0,3.0,4.0,,0.0
199,1986,2,53,,0,0.0,4.0,0.0,0.0,0.0,0,0.0,0.0,0,18.0,0.0,10,0.0,0.0,0.0,0.0,0.0,0.0,0.0,,4.0,0.0,12.0,0,0.0,0.0,0,1.0,2.0,2.0,,0.0
200,1986,3,210,,7,1.0,0.0,14.0,0.0,2.0,0,23.0,0.0,4,0.0,4.0,5,1.0,0.0,1.0,0.0,32.0,32.0,10.0,,0.0,6.0,19.0,0,2.0,3.0,8,7.0,20.0,41.0,,0.0
201,1986,4,4900,,102,202.0,128.0,123.0,145.0,231.0,51,247.0,65.0,220,223.0,195.0,53,73.0,46.0,147.0,58.0,163.0,163.0,204.0,,402.0,57.0,93.0,208,106.0,156.0,36,212.0,525.0,380.0,,49.0
202,1986,5,5933,,181,308.0,210.0,157.0,177.0,242.0,141,191.0,178.0,189,242.0,123.0,78,174.0,220.0,251.0,128.0,358.0,358.0,436.0,,195.0,170.0,81.0,93,265.0,188.0,175,291.0,196.0,225.0,,70.0
203,1986,6,12293,,254,288.0,163.0,226.0,820.0,165.0,921,304.0,203.0,228,337.0,564.0,138,319.0,396.0,239.0,842.0,615.0,615.0,233.0,,285.0,231.0,175.0,341,383.0,599.0,257,629.0,406.0,449.0,,1283.0
204,1986,7,16642,,381,458.0,446.0,399.0,894.0,389.0,799,443.0,500.0,357,701.0,625.0,372,362.0,608.0,390.0,793.0,635.0,635.0,676.0,,673.0,560.0,262.0,782,452.0,785.0,370,773.0,215.0,646.0,,896.0
205,1986,8,9618,,252,386.0,225.0,283.0,311.0,244.0,328,171.0,329.0,209,469.0,357.0,198,181.0,246.0,215.0,329.0,397.0,397.0,466.0,,270.0,198.0,238.0,469,283.0,406.0,259,365.0,278.0,586.0,,670.0
206,1986,9,14728,,526,563.0,462.0,478.0,139.0,369.0,322,687.0,267.0,831,487.0,370.0,438,606.0,730.0,843.0,225.0,508.0,508.0,655.0,,665.0,827.0,406.0,283,518.0,535.0,685,244.0,281.0,494.0,,284.0
207,1986,10,6522,,135,159.0,467.0,186.0,200.0,208.0,233,237.0,365.0,127,181.0,135.0,165,228.0,147.0,168.0,220.0,80.0,80.0,182.0,,377.0,181.0,190.0,115,196.0,119.0,209,179.0,411.0,454.0,,268.0
208,1986,11,4270,,274,236.0,19.0,197.0,122.0,137.0,114,172.0,0.0,149,104.0,251.0,29,159.0,267.0,152.0,117.0,184.0,184.0,3.0,,86.0,293.0,27.0,145,27.0,194.0,181,165.0,191.0,106.0,,169.0
209,1986,12,124,,1,0.0,13.0,0.0,0.0,0.0,0,3.0,37.0,2,0.0,0.0,0,6.0,6.0,1.0,0.0,0.0,0.0,0.0,,14.0,0.0,4.0,0,32.0,0.0,2,0.0,0.0,3.0,,0.0
210,1987,1,57,,4,1.0,0.0,0.0,3.0,0.0,1,4.0,1.0,0,3.0,0.0,2,1.0,0.0,2.0,4.0,1.0,1.0,2.0,,3.0,1.0,0.0,3,0.0,0.0,2,8.0,9.0,2.0,0.0,0.0
211,1987,2,322,,3,0.0,3.0,0.0,20.0,0.0,60,0.0,38.0,8,1.0,7.0,0,0.0,2.0,3.0,25.0,0.0,0.0,1.0,,0.0,0.0,4.0,36,20.0,0.0,5,10.0,2.0,29.0,18.0,27.0
212,1987,3,1503,,8,20.0,17.0,58.0,80.0,45.0,9,33.0,70.0,38,62.0,12.0,25,58.0,153.0,55.0,10.0,80.0,80.0,85.0,,20.0,11.0,12.0,96,84.0,35.0,15,49.0,65.0,184.0,0.0,14.0
213,1987,4,6409,,150,214.0,132.0,245.0,287.0,212.0,194,230.0,134.0,105,395.0,238.0,61,97.0,187.0,134.0,152.0,350.0,350.0,138.0,,136.0,282.0,76.0,394,57.0,289.0,125,294.0,319.0,402.0,302.0,78.0
214,1987,5,3801,,96,139.0,178.0,105.0,63.0,117.0,50,109.0,116.0,157,165.0,118.0,133,120.0,132.0,113.0,47.0,110.0,110.0,160.0,,258.0,151.0,102.0,99,155.0,98.0,91,103.0,169.0,222.0,108.0,17.0
215,1987,6,9927,,185,168.0,271.0,81.0,348.0,149.0,483,316.0,277.0,384,265.0,179.0,84,327.0,325.0,315.0,751.0,222.0,222.0,338.0,,379.0,459.0,160.0,331,485.0,366.0,155,412.0,272.0,851.0,85.0,504.0
216,1987,7,24495,,568,660.0,525.0,750.0,1206.0,429.0,1885,526.0,1196.0,352,937.0,1119.0,413,321.0,748.0,517.0,1247.0,1297.0,1297.0,555.0,,403.0,621.0,488.0,630,1314.0,1141.0,375,1225.0,359.0,1038.0,356.0,1294.0
217,1987,8,20610,,683,893.0,623.0,579.0,673.0,350.0,1298,462.0,798.0,409,820.0,699.0,643,768.0,798.0,498.0,746.0,816.0,816.0,598.0,,512.0,687.0,400.0,816,557.0,664.0,475,656.0,449.0,860.0,394.0,986.0
218,1987,9,11749,,302,182.0,145.0,231.0,429.0,354.0,410,363.0,430.0,456,550.0,402.0,243,196.0,320.0,189.0,495.0,585.0,585.0,157.0,,385.0,186.0,193.0,435,353.0,621.0,328,694.0,220.0,922.0,289.0,684.0
219,1987,10,2600,,93,53.0,31.0,155.0,35.0,156.0,88,104.0,112.0,47,44.0,49.0,19,136.0,120.0,41.0,42.0,45.0,45.0,153.0,,95.0,101.0,43.0,40,216.0,73.0,34,70.0,134.0,157.0,66.0,48.0
220,1987,11,1447,,37,20.0,19.0,27.0,49.0,58.0,102,7.0,7.0,14,41.0,37.0,3,5.0,43.0,48.0,114.0,34.0,34.0,50.0,,17.0,100.0,5.0,100,6.0,56.0,9,159.0,38.0,41.0,24.0,177.0
221,1987,12,343,,0,28.0,3.0,7.0,17.0,13.0,13,33.0,0.0,23,14.0,9.0,9,10.0,14.0,7.0,7.0,15.0,15.0,9.0,,1.0,5.0,4.0,14,0.0,22.0,2,10.0,10.0,14.0,30.0,0.0
222,1988,1,4,,0,0.0,0.0,0.0,0.0,0.0,0,0.0,1.0,0,0.0,0.0,0,0.0,0.0,0.0,0.0,0.0,0.0,0.0,,0.0,0.0,1.0,0,0.0,0.0,0,0.0,0.0,0.0,2.0,0.0
223,1988,2,1057,,22,48.0,29.0,50.0,11.0,17.0,1,44.0,10.0,34,32.0,17.0,32,27.0,79.0,50.0,61.0,50.0,50.0,59.0,,45.0,19.0,30.0,15,33.0,26.0,46,4.0,40.0,29.0,54.0,43.0
224,1988,3,1711,,65,68.0,63.0,70.0,35.0,33.0,13,74.0,17.0,98,4.0,67.0,65,93.0,4.0,18.0,26.0,77.0,77.0,70.0,,115.0,8.0,36.0,79,37.0,22.0,45,37.0,208.0,133.0,31.0,0.0
225,1988,4,3953,,96,75.0,87.0,161.0,182.0,10.0,167,282.0,108.0,133,150.0,98.0,30,148.0,43.0,53.0,96.0,152.0,152.0,130.0,,94.0,37.0,107.0,166,165.0,166.0,69,233.0,170.0,332.0,97.0,116.0
226,1988,5,12462,,393,381.0,349.0,342.0,433.0,470.0,337,513.0,170.0,511,470.0,474.0,313,297.0,307.0,305.0,371.0,402.0,402.0,437.0,,734.0,330.0,139.0,355,285.0,397.0,227,364.0,670.0,1129.0,334.0,223.0
227,1988,6,18774,,565,706.0,756.0,382.0,643.0,379.0,1306,580.0,347.0,468,383.0,850.0,313,543.0,0.0,599.0,771.0,564.0,564.0,496.0,,587.0,898.0,404.0,760,369.0,799.0,688,593.0,435.0,959.0,589.0,1042.0
228,1988,7,15757,,422,417.0,486.0,305.0,632.0,415.0,777,255.0,401.0,241,727.0,747.0,292,257.0,614.0,326.0,518.0,519.0,519.0,264.0,,586.0,663.0,301.0,679,451.0,782.0,262,791.0,444.0,738.0,413.0,1032.0
229,1988,8,15479,,459,457.0,235.0,307.0,413.0,423.0,918,169.0,848.0,243,744.0,582.0,187,307.0,603.0,302.0,508.0,623.0,623.0,242.0,,411.0,421.0,356.0,567,633.0,682.0,327,783.0,468.0,1157.0,177.0,927.0
230,1988,9,9532,,228,258.0,292.0,140.0,329.0,216.0,516,196.0,200.0,128,538.0,502.0,159,113.0,389.0,67.0,552.0,469.0,469.0,81.0,,309.0,266.0,89.0,236,496.0,619.0,174,440.0,278.0,772.0,155.0,325.0
231,1988,10,4976,,101,149.0,43.0,123.0,342.0,227.0,182,213.0,106.0,169,225.0,156.0,82,91.0,167.0,95.0,213.0,170.0,170.0,135.0,,195.0,164.0,94.0,234,19.0,221.0,19,345.0,185.0,169.0,122.0,220.0
232,1988,11,2848,,113,89.0,92.0,74.0,72.0,59.0,83,153.0,13.0,148,87.0,68.0,73,99.0,132.0,140.0,106.0,54.0,54.0,124.0,,120.0,167.0,27.0,23,35.0,73.0,106,117.0,143.0,122.0,121.0,15.0
233,1988,12,354,,0,0.0,1.0,0.0,1.0,0.0,77,3.0,0.0,10,0.0,0.0,2,1.0,0.0,0.0,13.0,0.0,0.0,3.0,,13.0,0.0,0.0,17,1.0,0.0,0,0.0,14.0,80.0,45.0,73.0
234,1989,1,46,,0,0.0,0.0,0.0,0.0,0.0,0,0.0,22.0,0,0.0,0.0,0,0.0,0.0,0.0,0.0,0.0,0.0,0.0,,6.0,0.0,4.0,0,7.0,0.0,1,0.0,0.0,6.0,0.0,0.0
235,1989,2,428,,14,13.0,16.0,0.0,2.0,18.0,6,32.0,8.0,5,23.0,0.0,41,2.0,2.0,8.0,0.0,20.0,20.0,31.0,,17.0,1.0,8.0,11,18.0,11.0,0,7.0,18.0,33.0,63.0,0.0
236,1989,3,183,,1,0.0,2.0,4.0,0.0,18.0,0,0.0,1.0,5,15.0,20.0,1,1.0,1.0,2.0,0.0,39.0,39.0,2.0,,2.0,1.0,5.0,0,2.0,14.0,3,3.0,29.0,11.0,1.0,0.0
237,1989,4,3031,,89,67.0,0.0,40.0,220.0,70.0,160,85.0,0.0,124,126.0,179.0,0,39.0,100.0,54.0,80.0,96.0,96.0,98.0,,23.0,55.0,2.0,240,0.0,217.0,52,170.0,99.0,312.0,102.0,132.0
238,1989,5,6248,,164,128.0,130.0,111.0,82.0,183.0,83,228.0,408.0,263,225.0,111.0,236,198.0,161.0,185.0,115.0,188.0,188.0,173.0,,267.0,239.0,224.0,163,335.0,143.0,240,114.0,244.0,543.0,329.0,35.0
239,1989,6,11433,,206,540.0,253.0,304.0,277.0,342.0,766,319.0,253.0,242,597.0,500.0,65,164.0,207.0,257.0,450.0,333.0,333.0,258.0,,340.0,316.0,190.0,210,219.0,625.0,236,308.0,369.0,870.0,150.0,927.0
240,1989,6,11433,,206,540.0,253.0,304.0,277.0,342.0,766,319.0,253.0,242,597.0,500.0,65,164.0,207.0,257.0,450.0,333.0,333.0,258.0,,340.0,316.0,190.0,210,219.0,625.0,236,308.0,369.0,870.0,150.0,927.0
241,1989,7,17596,,453,385.0,594.0,282.0,1173.0,332.0,865,347.0,412.0,243,1048.0,617.0,608,255.0,581.0,239.0,725.0,703.0,703.0,283.0,,752.0,360.0,357.0,820,719.0,450.0,266,640.0,402.0,1342.0,381.0,962.0
242,1989,8,5583,,203,180.0,111.0,211.0,66.0,77.0,182,59.0,232.0,92,115.0,234.0,109,88.0,189.0,80.0,66.0,162.0,162.0,133.0,,171.0,251.0,117.0,176,110.0,88.0,177,81.0,274.0,665.0,55.0,829.0
243,1989,9,11900,,413,378.0,273.0,232.0,360.0,239.0,460,305.0,493.0,277,336.0,329.0,174,168.0,445.0,246.0,479.0,547.0,547.0,287.0,,406.0,362.0,332.0,413,414.0,572.0,201,386.0,345.0,1081.0,274.0,673.0
244,1989,10,10114,,451,251.0,30.0,317.0,404.0,160.0,516,240.0,82.0,178,633.0,438.0,85,192.0,552.0,330.0,496.0,433.0,433.0,30.0,,284.0,260.0,78.0,563,48.0,674.0,194,826.0,191.0,524.0,217.0,437.0
245,1989,11,226,,0,0.0,0.0,0.0,14.0,0.0,28,0.0,0.0,0,2.0,0.0,0,0.0,0.0,0.0,16.0,0.0,0.0,9.0,,0.0,1.0,0.0,40,4.0,0.0,0,3.0,16.0,34.0,0.0,59.0
246,1989,12,65,,0,0.0,4.0,3.0,0.0,0.0,0,12.0,2.0,9,0.0,0.0,3,10.0,0.0,1.0,0.0,0.0,0.0,0.0,,,1.0,8.0,0,2.0,0.0,0,0.0,2.0,1.0,7.0,0.0
247,1990,1,3,,0,0.0,0.0,0.0,0.0,0.0,0,0.0,0.0,0,0.0,0.0,0,0.0,0.0,0.0,0.0,0.0,0.0,0.0,,0.0,0.0,0.0,0,1.0,0.0,0,0.0,0.0,2.0,0.0,0.0
248,1990,2,1596,,79,84.0,27.0,36.0,39.0,21.0,69,36.0,6.0,36,31.0,69.0,70,54.0,121.0,62.0,56.0,83.0,83.0,66.0,,83.0,100.0,34.0,22,57.0,54.0,47,55.0,20.0,45.0,30.0,4.0
249,1990,3,4655,,182,155.0,24.0,111.0,53.0,179.0,174,151.0,41.0,227,287.0,198.0,128,173.0,139.0,212.0,191.0,266.0,266.0,217.0,,67.0,161.0,46.0,115,82.0,196.0,150,273.0,185.0,176.0,95.0,1.0
250,1990,4,5230,,139,118.0,41.0,163.0,250.0,228.0,135,154.0,159.0,156,213.0,209.0,157,25.0,99.0,58.0,60.0,235.0,235.0,156.0,,116.0,132.0,97.0,336,134.0,213.0,25,300.0,253.0,574.0,223.0,72.0
251,1990,5,8961,,352,249.0,292.0,189.0,205.0,331.0,261,202.0,245.0,315,485.0,323.0,207,162.0,284.0,261.0,206.0,429.0,429.0,214.0,,390.0,292.0,301.0,365,354.0,255.0,176,245.0,494.0,546.0,128.0,203.0
252,1990,6,14324,,386,358.0,378.0,311.0,668.0,333.0,1201,229.0,355.0,289,545.0,466.0,277,335.0,317.0,261.0,995.0,651.0,651.0,253.0,,529.0,306.0,263.0,388,393.0,561.0,212,654.0,356.0,551.0,224.0,1279.0
253,1990,7,19074,,457,370.0,499.0,421.0,1038.0,303.0,1211,567.0,479.0,405,972.0,281.0,422,369.0,1049.0,436.0,1340.0,752.0,752.0,457.0,,477.0,602.0,464.0,659,306.0,1007.0,528,1131.0,203.0,596.0,327.0,946.0
254,1990,8,8396,,299,287.0,265.0,177.0,115.0,252.0,277,227.0,251.0,145,543.0,0.0,235,137.0,299.0,206.0,137.0,522.0,522.0,176.0,,237.0,220.0,238.0,176,396.0,359.0,279,203.0,345.0,582.0,236.0,575.0
255,1990,9,9148,,190,199.0,320.0,208.0,141.0,227.0,272,247.0,352.0,192,271.0,0.0,481,196.0,503.0,205.0,167.0,239.0,239.0,264.0,,319.0,536.0,180.0,197,439.0,412.0,292,268.0,359.0,1023.0,156.0,293.0
256,1990,10,7280,,194,322.0,227.0,263.0,233.0,239.0,294,181.0,193.0,168,393.0,0.0,88,99.0,262.0,156.0,250.0,359.0,359.0,210.0,,213.0,318.0,127.0,129,325.0,462.0,168,729.0,235.0,216.0,120.0,107.0
257,1990,11,2303,,70,83.0,4.0,55.0,74.0,71.0,255,103.0,0.0,48,178.0,88.0,34,126.0,98.0,77.0,139.0,99.0,99.0,105.0,,7.0,81.0,17.0,91,0.0,47.0,44,75.0,54.0,40.0,39.0,101.0
258,1990,12,689,,30,35.0,0.0,22.0,36.0,27.0,19,6.0,0.0,4,62.0,78.0,0,10.0,40.0,4.0,41.0,49.0,49.0,9.0,,1.0,28.0,0.0,54,0.0,48.0,7,52.0,7.0,3.0,2.0,15.0
259,1991,1,431,,10,17.0,4.0,7.0,19.0,11.0,4,27.0,27.0,27,4.0,7.0,2,24.0,8.0,10.0,34.0,17.0,17.0,11.0,29.0,2.0,3.0,6.0,9,38.0,0.0,34,0.0,17.0,10.0,13.0,0.0
260,1991,2,724,,14,40.0,14.0,23.0,0.0,50.0,0,8.0,4.0,58,77.0,3.0,9,10.0,0.0,54.0,0.0,66.0,66.0,17.0,29.0,15.0,4.0,0.0,5,1.0,4.0,47,23.0,74.0,55.0,20.0,0.0
261,1991,3,1227,,38,37.0,8.0,109.0,43.0,229.0,22,46.0,1.0,59,59.0,6.0,28,31.0,3.0,36.0,1.0,13.0,13.0,60.0,20.0,44.0,55.0,19.0,19,1.0,6.0,50,19.0,29.0,60.0,76.0,0.0
262,1991,4,3798,,53,164.0,48.0,150.0,0.0,270.0,175,53.0,18.0,103,213.0,230.0,42,54.0,199.0,38.0,147.0,199.0,199.0,103.0,88.0,77.0,190.0,25.0,174,41.0,0.0,67,92.0,227.0,405.0,59.0,94.0
263,1991,5,10439,,191,162.0,416.0,376.0,371.0,439.0,210,529.0,400.0,265,651.0,367.0,173,186.0,117.0,100.0,5.0,339.0,339.0,307.0,91.0,679.0,112.0,157.0,578,302.0,219.0,28,331.0,831.0,1063.0,416.0,28.0
264,1991,6,19757,,562,745.0,240.0,419.0,774.0,331.0,1297,320.0,376.0,337,770.0,781.0,360,407.0,817.0,421.0,948.0,807.0,807.0,541.0,419.0,603.0,680.0,211.0,618,593.0,861.0,518,766.0,382.0,1203.0,398.0,1252.0
265,1991,7,14722,,356,390.0,404.0,252.0,818.0,394.0,878,318.0,184.0,306,753.0,581.0,248,220.0,569.0,229.0,664.0,626.0,626.0,337.0,395.0,322.0,472.0,286.0,474,162.0,701.0,342,685.0,184.0,351.0,430.0,1391.0
266,1991,8,13265,,369,396.0,207.0,320.0,357.0,409.0,782,345.0,282.0,186,494.0,519.0,189,543.0,512.0,318.0,771.0,508.0,508.0,501.0,298.0,238.0,439.0,96.0,606,264.0,431.0,324,318.0,215.0,437.0,169.0,1422.0
267,1991,9,14983,,232,361.0,733.0,531.0,360.0,377.0,497,692.0,647.0,360,739.0,444.0,424,216.0,231.0,342.0,395.0,441.0,441.0,233.0,323.0,735.0,409.0,484.0,335,726.0,553.0,213,615.0,420.0,781.0,700.0,434.0
268,1991,10,8649,,497,412.0,105.0,284.0,211.0,240.0,211,392.0,29.0,350,420.0,373.0,141,285.0,566.0,161.0,224.0,428.0,428.0,346.0,259.0,520.0,295.0,122.0,103,106.0,103.0,103,161.0,245.0,173.0,376.0,408.0
269,1991,11,1043,,54,3.0,0.0,6.0,99.0,50.0,88,14.0,0.0,1,41.0,23.0,2,0.0,12.0,4.0,126.0,45.0,45.0,15.0,4.0,0.0,3.0,0.0,88,2.0,78.0,5,131.0,41.0,3.0,1.0,104.0
270,1991,12,1524,,16,17.0,112.0,13.0,13.0,114.0,13,106.0,44.0,104,10.0,28.0,79,76.0,49.0,47.0,0.0,16.0,16.0,40.0,2.0,77.0,19.0,92.0,14,27.0,12.0,37,15.0,163.0,79.0,90.0,0.0
271,1992,1,102,,4,1.0,0.0,0.0,0.0,0.0,1,1.0,6.0,4,0.0,0.0,0,27.0,2.0,13.0,0.0,0.0,0.0,4.0,8.0,6.0,2.0,1.0,0,13.0,0.0,9,0.0,0.0,0.0,0.0,0.0
272,1992,2,2524,,98,126.0,14.0,96.0,119.0,63.0,45,47.0,6.0,61,90.0,130.0,40,77.0,126.0,203.0,138.0,90.0,90.0,87.0,108.0,36.0,100.0,33.0,93,10.0,61.0,115,97.0,40.0,55.0,49.0,71.0
273,1992,3,214,,0,0.0,0.0,0.0,0.0,0.0,0,0.0,1.0,0,0.0,0.0,0,0.0,0.0,0.0,0.0,2.0,2.0,1.0,0.0,0.0,0.0,0.0,4,0.0,1.0,0,0.0,33.0,172.0,0.0,0.0
274,1992,4,629,,1,0.0,30.0,20.0,1.0,10.0,1,25.0,5.0,5,0.0,0.0,18,1.0,60.0,2.0,13.0,0.0,0.0,0.0,4.0,20.0,8.0,16.0,31,89.0,4.0,8,1.0,117.0,129.0,10.0,0.0
275,1992,5,6202,,205,208.0,140.0,147.0,127.0,154.0,149,153.0,87.0,216,229.0,232.0,132,223.0,226.0,192.0,176.0,240.0,240.0,188.0,118.0,156.0,209.0,121.0,137,245.0,192.0,134,145.0,354.0,544.0,181.0,242.0
276,1992,6,11008,,190,275.0,202.0,178.0,571.0,298.0,767,132.0,212.0,238,299.0,351.0,73,303.0,360.0,157.0,1074.0,268.0,268.0,242.0,174.0,270.0,282.0,85.0,428,348.0,473.0,208,506.0,238.0,666.0,333.0,807.0
277,1992,7,13822,,299,363.0,289.0,332.0,412.0,259.0,824,386.0,535.0,387,384.0,776.0,252,307.0,480.0,254.0,705.0,515.0,515.0,315.0,350.0,380.0,560.0,244.0,341,248.0,491.0,407,358.0,245.0,901.0,205.0,1018.0
278,1992,8,9818,,326,211.0,159.0,331.0,280.0,128.0,451,182.0,228.0,209,221.0,501.0,207,152.0,363.0,198.0,198.0,457.0,457.0,297.0,243.0,155.0,482.0,185.0,239,367.0,681.0,284,392.0,345.0,374.0,268.0,704.0
279,1992,9,9523,,210,280.0,424.0,146.0,292.0,128.0,328,158.0,483.0,95,317.0,560.0,295,204.0,417.0,111.0,207.0,272.0,272.0,175.0,170.0,318.0,393.0,124.0,274,552.0,584.0,247,320.0,188.0,459.0,472.0,320.0
280,1992,10,5628,,98,144.0,108.0,81.0,435.0,197.0,237,83.0,76.0,121,190.0,191.0,38,36.0,315.0,88.0,322.0,182.0,182.0,96.0,55.0,241.0,244.0,29.0,154,129.0,332.0,95,480.0,179.0,203.0,43.0,406.0
281,1992,11,332,,8,0.0,3.0,1.0,4.0,2.0,99,2.0,6.0,0,17.0,0.0,5,3.0,4.0,0.0,36.0,5.0,5.0,2.0,2.0,1.0,3.0,5.0,12,4.0,41.0,1,1.0,1.0,3.0,3.0,58.0
282,1992,12,158,,0,1.0,0.0,0.0,34.0,1.0,6,0.0,4.0,0,1.0,22.0,3,0.0,6.0,0.0,19.0,5.0,5.0,0.0,0.0,1.0,1.0,0.0,15,2.0,21.0,0,10.0,1.0,0.0,0.0,5.0
283,1993,1,517,,1,0.0,65.0,0.0,9.0,1.0,34,0.0,42.0,0,0.0,2.0,2,0.0,9.0,70.0,51.0,1.0,1.0,0.0,9.0,69.0,24.0,0.0,0,49.0,20.0,17,1.0,2.0,35.0,3.0,1.0
284,1993,2,1903,,35,44.0,8.0,108.0,71.0,129.0,86,52.0,0.0,57,146.0,29.0,6,33.0,33.0,52.0,82.0,77.0,77.0,29.0,21.0,13.0,27.0,5.0,151,0.0,127.0,57,92.0,83.0,149.0,16.0,85.0
285,1993,3,4473,,235,236.0,14.0,142.0,223.0,81.0,98,88.0,29.0,48,183.0,275.0,53,115.0,362.0,127.0,135.0,380.0,380.0,127.0,167.0,44.0,143.0,55.0,201,30.0,293.0,57,246.0,50.0,96.0,46.0,94.0
286,1993,4,4066,,216,116.0,58.0,110.0,100.0,174.0,96,113.0,82.0,179,383.0,64.0,120,147.0,88.0,69.0,91.0,128.0,128.0,133.0,72.0,183.0,148.0,70.0,139,62.0,106.0,71,145.0,143.0,261.0,150.0,49.0
287,1993,5,11349,,393,315.0,268.0,317.0,667.0,642.0,508,556.0,308.0,154,525.0,0.0,213,132.0,223.0,211.0,312.0,496.0,496.0,345.0,186.0,350.0,223.0,65.0,475,190.0,463.0,203,743.0,363.0,587.0,390.0,526.0
288,1993,6,18884,,390,631.0,466.0,299.0,791.0,506.0,835,504.0,495.0,514,656.0,0.0,299,437.0,635.0,638.0,831.0,557.0,557.0,370.0,424.0,811.0,563.0,477.0,784,633.0,705.0,290,654.0,748.0,1099.0,509.0,1333.0
289,1993,7,14675,,410,473.0,432.0,414.0,437.0,540.0,677,421.0,218.0,223,616.0,0.0,248,327.0,308.0,288.0,476.0,502.0,502.0,405.0,225.0,512.0,572.0,247.0,959,499.0,604.0,251,560.0,478.0,1174.0,477.0,702.0
290,1993,8,15476,,493,480.0,266.0,448.0,638.0,287.0,736,432.0,565.0,352,784.0,0.0,189,213.0,493.0,290.0,664.0,732.0,732.0,331.0,379.0,478.0,671.0,177.0,730,572.0,669.0,235,737.0,369.0,471.0,258.0,1337.0
291,1993,9,10413,,238,219.0,240.0,259.0,273.0,245.0,248,417.0,361.0,409,358.0,29.0,358,336.0,276.0,196.0,245.0,332.0,332.0,359.0,243.0,524.0,363.0,316.0,278,358.0,309.0,430,291.0,338.0,702.0,513.0,350.0
292,1993,10,4556,,134,46.0,95.0,88.0,129.0,219.0,165,217.0,64.0,320,249.0,85.0,102,58.0,202.0,124.0,144.0,228.0,228.0,44.0,91.0,229.0,100.0,157.0,152,91.0,125.0,160,129.0,113.0,153.0,216.0,127.0
293,1993,11,621,,21,33.0,2.0,7.0,14.0,40.0,39,19.0,15.0,0,12.0,11.0,22,4.0,25.0,14.0,52.0,8.0,8.0,41.0,36.0,0.0,45.0,54.0,9,26.0,1.0,29,7.0,30.0,2.0,1.0,2.0
294,1993,12,0,,0,0.0,0.0,0.0,0.0,0.0,0,0.0,0.0,0,0.0,0.0,0,0.0,0.0,0.0,0.0,0.0,0.0,0.0,0.0,0.0,0.0,0.0,0,0.0,0.0,0,0.0,0.0,0.0,0.0,0.0
295,1994,1,300,,4,2.0,14.0,8.0,7.0,10.0,5,13.0,23.0,11,2.0,0.0,24,10.0,1.0,1.0,9.0,8.0,8.0,12.0,4.0,8.0,3.0,18.0,5,16.0,4.0,10,12.0,11.0,23.0,22.0,0.0
296,1994,2,681,,13,13.0,26.0,9.0,8.0,11.0,18,54.0,22.0,31,3.0,10.0,45,31.0,2.0,15.0,10.0,10.0,10.0,15.0,18.0,59.0,10.0,36.0,6,29.0,0.0,30,5.0,43.0,43.0,56.0,0.0
297,1994,3,3636,,92,110.0,4.0,85.0,194.0,124.0,239,115.0,0.0,44,56.0,49.0,3,1.0,100.0,0.0,327.0,133.0,133.0,95.0,40.0,123.0,92.0,5.0,153,28.0,211.0,9,246.0,244.0,514.0,79.0,121.0
298,1994,4,5609,,101,60.0,32.0,310.0,262.0,150.0,237,201.0,50.0,134,354.0,105.0,31,51.0,228.0,105.0,262.0,430.0,430.0,166.0,149.0,77.0,267.0,31.0,207,49.0,230.0,169,385.0,162.0,326.0,163.0,125.0
299,1994,5,6390,,178,230.0,156.0,178.0,208.0,185.0,309,254.0,146.0,197,178.0,152.0,155,175.0,177.0,115.0,227.0,109.0,109.0,306.0,139.0,202.0,122.0,115.0,96,212.0,213.0,108,202.0,234.0,342.0,406.0,364.0
300,1994,6,15736,,571,559.0,305.0,287.0,581.0,431.0,1022,266.0,294.0,258,534.0,644.0,336,365.0,671.0,239.0,618.0,980.0,980.0,399.0,344.0,251.0,706.0,237.0,243,427.0,833.0,300,504.0,186.0,584.0,342.0,1419.0
301,1994,7,11246,,202,328.0,165.0,169.0,380.0,116.0,768,153.0,148.0,246,228.0,555.0,111,225.0,457.0,210.0,746.0,397.0,397.0,262.0,278.0,227.0,400.0,171.0,316,202.0,405.0,426,316.0,237.0,757.0,170.0,1475.0
302,1994,8,11671,,378,355.0,208.0,383.0,397.0,245.0,520,246.0,122.0,248,357.0,379.0,150,253.0,494.0,217.0,379.0,634.0,634.0,204.0,380.0,323.0,701.0,206.0,266,97.0,487.0,326,533.0,365.0,573.0,228.0,1017.0
303,1994,9,5487,,144,87.0,268.0,98.0,100.0,91.0,265,169.0,248.0,107,230.0,0.0,99,83.0,109.0,160.0,172.0,199.0,199.0,174.0,123.0,202.0,158.0,171.0,198,135.0,428.0,164,232.0,159.0,227.0,137.0,350.0
304,1994,10,2840,,87,40.0,199.0,44.0,101.0,20.0,88,55.0,89.0,66,55.0,0.0,80,64.0,172.0,63.0,58.0,4.0,4.0,30.0,130.0,132.0,140.0,130.0,109,106.0,107.0,69,83.0,132.0,145.0,122.0,120.0
305,1994,11,332,,7,5.0,5.0,1.0,20.0,1.0,32,14.0,0.0,2,6.0,0.0,2,2.0,28.0,5.0,23.0,10.0,10.0,0.0,3.0,0.0,13.0,22.0,12,0.0,6.0,4,6.0,9.0,4.0,20.0,70.0
306,1994,12,1,,0,0.0,0.0,0.0,0.0,0.0,0,0.0,0.0,0,0.0,0.0,0,0.0,0.0,0.0,0.0,0.0,0.0,0.0,0.0,0.0,0.0,0.0,0,0.0,0.0,0,0.0,0.0,0.0,0.0,1.0
307,1995,1,160,,1,1.0,16.0,2.0,0.0,0.0,0,8.0,3.0,7,1.0,,8,17.0,0.0,8.0,0.0,0.0,0.0,6.0,4.0,10.0,5.0,17.0,1,3.0,0.0,13,3.0,4.0,10.0,12.0,0.0
308,1995,2,967,,62,52.0,18.0,25.0,12.0,29.0,3,31.0,12.0,8,61.0,,24,25.0,14.0,112.0,0.0,19.0,19.0,32.0,70.0,19.0,60.0,31.0,7,3.0,65.0,42,11.0,32.0,29.0,56.0,3.0
309,1995,3,715,,6,5.0,14.0,0.0,18.0,12.0,8,0.0,10.0,0,54.0,,20,18.0,1.0,34.0,46.0,84.0,84.0,0.0,11.0,29.0,8.0,9.0,27,4.0,74.0,50,36.0,47.0,80.0,9.0,1.0
310,1995,4,1481,,12,50.0,0.0,51.0,51.0,114.0,24,88.0,0.0,45,87.0,,1,5.0,6.0,18.0,35.0,149.0,149.0,72.0,9.0,81.0,41.0,8.0,44,1.0,37.0,1,98.0,80.0,176.0,34.0,63.0
311,1995,5,7691,,144,173.0,111.0,177.0,268.0,318.0,401,264.0,54.0,281,424.0,,105,88.0,643.0,182.0,399.0,265.0,265.0,213.0,208.0,285.0,279.0,91.0,490,158.0,255.0,82,275.0,238.0,327.0,215.0,278.0
312,1995,6,14465,,657,531.0,462.0,352.0,359.0,329.0,565,237.0,287.0,395,639.0,,215,196.0,546.0,306.0,583.0,375.0,375.0,601.0,304.0,565.0,744.0,291.0,339,369.0,381.0,351,503.0,569.0,941.0,350.0,1123.0
313,1995,7,17017,,517,399.0,524.0,430.0,685.0,529.0,977,354.0,472.0,507,620.0,,224,279.0,784.0,356.0,809.0,737.0,737.0,346.0,244.0,682.0,682.0,287.0,607,568.0,620.0,440,572.0,300.0,874.0,372.0,1220.0
314,1995,8,13281,,342,281.0,438.0,488.0,546.0,452.0,559,360.0,593.0,366,549.0,,307,288.0,397.0,504.0,387.0,651.0,651.0,508.0,268.0,528.0,428.0,270.0,351,388.0,143.0,232,414.0,433.0,832.0,356.0,622.0
315,1995,9,10327,,208,304.0,477.0,239.0,129.0,124.0,463,205.0,1026.0,256,319.0,,345,270.0,338.0,278.0,286.0,491.0,491.0,225.0,302.0,230.0,317.0,370.0,171,804.0,186.0,336,182.0,214.0,423.0,246.0,563.0
316,1995,10,2840,,156,60.0,117.0,77.0,53.0,48.0,46,91.0,77.0,42,33.0,,8,95.0,273.0,86.0,70.0,63.0,63.0,87.0,148.0,115.0,244.0,13.0,146,51.0,148.0,57,85.0,116.0,79.0,109.0,47.0
317,1995,11,5955,,153,182.0,70.0,184.0,323.0,147.0,409,112.0,74.0,97,222.0,,70,113.0,508.0,162.0,433.0,238.0,238.0,99.0,229.0,101.0,251.0,44.0,220,109.0,325.0,161,280.0,80.0,102.0,92.0,365.0
318,1995,12,20,,0,0.0,1.0,0.0,0.0,0.0,0,1.0,5.0,2,0.0,,3,3.0,0.0,0.0,0.0,0.0,0.0,0.0,0.0,0.0,0.0,1.0,0,3.0,0.0,0,0.0,0.0,0.0,1.0,0.0
319,1996,1,120,,0,0.0,3.0,3.0,0.0,12.0,0,0.0,16.0,2,3.0,,0,39.0,0.0,1.0,0.0,0.0,0.0,4.0,2.0,0.0,3.0,0.0,10,13.0,0.0,5,2.0,0.0,2.0,0.0,0.0
320,1996,2,924,,19,8.0,28.0,10.0,106.0,0.0,83,21.0,4.0,15,10.0,,25,20.0,32.0,17.0,33.0,21.0,21.0,27.0,22.0,14.0,20.0,21.0,17,0.0,44.0,30,20.0,38.0,76.0,55.0,88.0
321,1996,3,1819,,12,49.0,7.0,75.0,91.0,114.0,2,54.0,0.0,28,267.0,,17,22.0,5.0,1.0,53.0,66.0,66.0,36.0,24.0,18.0,4.0,4.0,251,0.0,21.0,11,193.0,135.0,257.0,2.0,0.0
322,1996,4,3623,,131,138.0,104.0,184.0,234.0,102.0,77,199.0,29.0,182,109.0,,104,90.0,67.0,64.0,49.0,148.0,148.0,160.0,47.0,42.0,188.0,73.0,87,39.0,105.0,119,134.0,109.0,252.0,174.0,83.0
323,1996,5,6956,,98,128.0,184.0,171.0,251.0,449.0,279,208.0,76.0,283,247.0,,81,146.0,174.0,117.0,184.0,278.0,278.0,237.0,119.0,171.0,150.0,95.0,440,232.0,289.0,103,294.0,212.0,759.0,240.0,261.0
324,1996,6,13618,,446,546.0,283.0,361.0,476.0,392.0,671,343.0,320.0,316,506.0,,295,350.0,621.0,453.0,684.0,489.0,489.0,406.0,453.0,210.0,739.0,284.0,455,396.0,451.0,357,497.0,427.0,518.0,224.0,649.0
325,1996,7,13100,,314,292.0,338.0,318.0,465.0,308.0,946,257.0,428.0,210,541.0,,155,271.0,684.0,223.0,731.0,651.0,651.0,231.0,386.0,291.0,448.0,106.0,479,479.0,430.0,152,401.0,508.0,745.0,100.0,1212.0
326,1996,8,14006,,322,401.0,185.0,204.0,584.0,146.0,702,361.0,353.0,447,628.0,,271,380.0,899.0,275.0,751.0,564.0,564.0,251.0,357.0,276.0,585.0,270.0,437,353.0,1087.0,224,668.0,167.0,745.0,247.0,866.0
327,1996,9,8852,,202,142.0,366.0,264.0,350.0,178.0,528,244.0,744.0,115,202.0,,269,195.0,178.0,70.0,455.0,215.0,215.0,224.0,133.0,307.0,217.0,298.0,379,333.0,406.0,242,313.0,238.0,379.0,208.0,458.0
328,1996,10,9011,,270,169.0,176.0,236.0,343.0,322.0,446,357.0,75.0,212,298.0,,183,257.0,401.0,242.0,543.0,362.0,362.0,214.0,274.0,291.0,291.0,118.0,246,159.0,447.0,332,382.0,171.0,281.0,226.0,687.0
329,1996,11,428,,4,6.0,0.0,20.0,3.0,12.0,8,0.0,0.0,0,0.0,,0,5.0,0.0,8.0,14.0,56.0,56.0,57.0,1.0,0.0,57.0,0.0,72,0.0,27.0,0,60.0,0.0,0.0,0.0,18.0
330,1996,12,16,,1,2.0,0.0,0.0,1.0,1.0,0,0.0,0.0,0,5.0,,0,0.0,0.0,0.0,0.0,2.0,2.0,0.0,0.0,0.0,0.0,0.0,4,0.0,0.0,0,0.0,0.0,0.0,0.0,0.0
331,1997,1,143,,1,1.0,10.0,2.0,0.0,8.0,2,2.0,21.0,11,0.0,,4,9.0,1.0,10.0,0.0,1.0,1.0,5.0,2.0,1.0,1.0,8.0,1,19.0,1.0,19,0.0,2.0,1.0,0.0,0.0
332,1997,2,867,,30,43.0,11.0,29.0,32.0,11.0,20,7.0,11.0,26,24.0,,43,39.0,72.0,22.0,14.0,24.0,24.0,14.0,70.0,12.0,45.0,35.0,14,14.0,23.0,35,16.0,19.0,27.0,37.0,48.0
333,1997,3,2360,,79,93.0,9.0,54.0,118.0,117.0,40,82.0,3.0,20,115.0,,42,51.0,72.0,99.0,39.0,108.0,108.0,86.0,123.0,31.0,147.0,19.0,251,3.0,79.0,102,157.0,57.0,111.0,20.0,33.0
334,1997,4,3681,,203,169.0,140.0,72.0,40.0,160.0,28,133.0,64.0,156,92.0,,110,64.0,187.0,80.0,49.0,71.0,71.0,234.0,131.0,172.0,208.0,56.0,33,113.0,81.0,235,107.0,74.0,170.0,200.0,49.0
335,1997,5,6304,,235,259.0,102.0,133.0,267.0,199.0,283,151.0,90.0,137,237.0,,132,116.0,304.0,181.0,121.0,218.0,218.0,245.0,214.0,131.0,237.0,53.0,209,230.0,234.0,243,258.0,333.0,347.0,162.0,243.0
336,1997,6,10031,,205,112.0,199.0,266.0,425.0,350.0,390,249.0,501.0,266,323.0,,199,231.0,246.0,218.0,421.0,183.0,183.0,257.0,233.0,396.0,283.0,242.0,508,276.0,405.0,215,323.0,416.0,796.0,312.0,585.0
337,1997,7,20617,,406,523.0,298.0,492.0,1033.0,664.0,1277,549.0,461.0,337,794.0,,486,406.0,920.0,456.0,907.0,1022.0,1022.0,344.0,478.0,523.0,594.0,763.0,657,523.0,983.0,447,1151.0,573.0,681.0,516.0,1353.0
338,1997,8,12415,,191,291.0,245.0,338.0,383.0,270.0,613,230.0,330.0,294,708.0,,301,227.0,354.0,321.0,467.0,433.0,433.0,418.0,355.0,417.0,479.0,468.0,481,338.0,666.0,422,492.0,186.0,486.0,469.0,742.0
339,1997,9,14160,,378,439.0,220.0,421.0,530.0,277.0,640,440.0,289.0,162,465.0,,473,361.0,666.0,364.0,612.0,540.0,540.0,438.0,591.0,485.0,487.0,348.0,443,410.0,568.0,332,522.0,395.0,946.0,252.0,666.0
340,1997,10,1470,,7,38.0,29.0,34.0,134.0,47.0,173,30.0,3.0,68,30.0,,53,15.0,37.0,44.0,124.0,80.0,80.0,6.0,12.0,8.0,28.0,4.0,134,16.0,73.0,40,71.0,65.0,31.0,13.0,23.0
341,1997,11,418,,11,0.0,2.0,0.0,49.0,1.0,37,1.0,0.0,53,2.0,,15,14.0,13.0,2.0,19.0,0.0,0.0,17.0,0.0,11.0,1.0,44.0,19,2.0,18.0,4,8.0,1.0,23.0,2.0,49.0
342,1997,12,629,,12,7.0,27.0,33.0,4.0,30.0,33,22.0,36.0,18,17.0,,20,20.0,9.0,19.0,24.0,19.0,19.0,23.0,14.0,21.0,7.0,22.0,15,27.0,12.0,13,35.0,28.0,18.0,28.0,16.0
343,1998,1,905,,148,54.0,10.0,23.0,37.0,27.0,15,49.0,2.0,49,35.0,,16,44.0,19.0,59.0,15.0,19.0,19.0,35.0,29.0,9.0,22.0,16.0,21,0.0,41.0,53,22.0,12.0,7.0,15.0,2.0
344,1998,2,1117,,54,48.0,13.0,54.0,103.0,54.0,19,4.0,17.0,22,17.0,,12,26.0,40.0,91.0,31.0,24.0,24.0,40.0,65.0,11.0,84.0,5.0,79,12.0,30.0,71,72.0,1.0,15.0,3.0,0.0
345,1998,3,3452,,273,193.0,26.0,130.0,97.0,109.0,20,83.0,24.0,69,150.0,,68,141.0,108.0,213.0,41.0,203.0,203.0,152.0,149.0,68.0,93.0,52.0,137,50.0,128.0,164,108.0,103.0,239.0,48.0,13.0
346,1998,4,5600,,251,187.0,84.0,158.0,184.0,249.0,148,178.0,148.0,122,407.0,,109,130.0,162.0,105.0,167.0,204.0,204.0,232.0,97.0,161.0,124.0,33.0,157,173.0,197.0,96,353.0,196.0,548.0,152.0,88.0
347,1998,5,9186,,179,264.0,143.0,237.0,387.0,342.0,381,405.0,152.0,205,415.0,,269,216.0,231.0,161.0,387.0,285.0,285.0,221.0,234.0,299.0,234.0,129.0,658,202.0,466.0,159,485.0,229.0,366.0,416.0,429.0
348,1998,6,7363,,208,255.0,367.0,92.0,132.0,100.0,365,89.0,237.0,202,248.0,,101,163.0,202.0,175.0,220.0,183.0,183.0,146.0,229.0,176.0,280.0,92.0,294,333.0,381.0,123,309.0,247.0,858.0,132.0,424.0
349,1998,7,23237,,616,500.0,749.0,622.0,1291.0,854.0,1257,521.0,566.0,357,979.0,,413,181.0,946.0,343.0,1805.0,892.0,892.0,607.0,294.0,755.0,804.0,404.0,1065,473.0,990.0,320,1146.0,508.0,1245.0,459.0,1275.0
350,1998,8,19159,,516,483.0,563.0,336.0,1194.0,336.0,1154,552.0,548.0,341,858.0,,225,209.0,684.0,258.0,1417.0,897.0,897.0,285.0,443.0,517.0,618.0,268.0,493,458.0,1296.0,185,1192.0,250.0,665.0,444.0,1474.0
351,1998,9,9184,,254,263.0,283.0,186.0,193.0,281.0,323,246.0,317.0,282,338.0,,285,174.0,355.0,300.0,310.0,313.0,313.0,273.0,553.0,270.0,362.0,310.0,287,255.0,374.0,189,532.0,204.0,313.0,239.0,320.0
352,1998,10,4844,,89,171.0,353.0,97.0,122.0,48.0,184,100.0,380.0,74,91.0,,96,88.0,411.0,157.0,117.0,189.0,189.0,101.0,110.0,50.0,134.0,198.0,102,409.0,218.0,232,141.0,95.0,90.0,38.0,159.0
353,1998,11,2983,,270,124.0,10.0,157.0,93.0,118.0,87,83.0,0.0,95,197.0,,42,118.0,59.0,132.0,77.0,170.0,170.0,108.0,207.0,31.0,97.0,33.0,19,0.0,133.0,135,126.0,79.0,42.0,62.0,79.0
354,1998,12,6,,0,6.0,0.0,0.0,0.0,0.0,0,0.0,0.0,0,0.0,,0,0.0,0.0,0.0,0.0,0.0,0.0,0.0,0.0,0.0,0.0,0.0,0,0.0,0.0,0,0.0,0.0,0.0,0.0,0.0
355,1999,1,1,0.0,0,0.0,,0.0,0.0,0.0,0,0.0,0.0,0,0.0,0.0,0,,0.0,0.0,0.0,0.0,0.0,0.0,1.0,0.0,0.0,0.0,0,0.0,0.0,0,0.0,0.0,0.0,0.0,0.0
356,1999,2,2,0.0,0,0.0,,0.0,0.0,0.0,0,0.0,0.0,0,0.0,2.0,0,,0.0,0.0,0.0,0.0,0.0,0.0,0.0,0.0,0.0,0.0,0,0.0,0.0,0,0.0,0.0,0.0,0.0,0.0
357,1999,3,132,1.0,0,0.0,,1.0,0.0,2.0,0,0.0,0.0,0,41.0,0.0,0,,1.0,0.0,0.0,0.0,0.0,0.0,0.0,1.0,0.0,0.0,3,7.0,0.0,0,0.0,26.0,49.0,0.0,0.0
358,1999,4,1009,0.0,20,72.0,,21.0,0.0,7.0,8,21.0,68.0,59,4.0,11.0,2,,27.0,14.0,0.0,20.0,20.0,9.0,25.0,108.0,8.0,9.0,0,228.0,14.0,28,4.0,9.0,207.0,6.0,0.0
359,1999,5,11251,403.0,212,319.0,,357.0,463.0,229.0,578,428.0,367.0,208,409.0,322.0,203,,458.0,172.0,410.0,427.0,427.0,236.0,202.0,415.0,332.0,144.0,379,336.0,582.0,272,389.0,433.0,731.0,206.0,629.0
360,1999,6,16053,896.0,260,359.0,,289.0,879.0,350.0,853,348.0,283.0,335,837.0,771.0,386,,734.0,185.0,648.0,645.0,645.0,314.0,262.0,211.0,479.0,348.0,1117,447.0,768.0,217,902.0,275.0,472.0,201.0,982.0
361,1999,7,19207,609.0,527,590.0,,947.0,491.0,892.0,919,553.0,403.0,421,972.0,949.0,407,,768.0,420.0,602.0,690.0,690.0,592.0,435.0,401.0,749.0,349.0,590,436.0,964.0,291,879.0,457.0,775.0,358.0,771.0
362,1999,8,17173,834.0,404,432.0,,323.0,848.0,371.0,1134,282.0,587.0,452,571.0,736.0,249,,535.0,371.0,821.0,648.0,648.0,357.0,442.0,349.0,588.0,354.0,474,829.0,956.0,332,581.0,259.0,503.0,156.0,1395.0
363,1999,9,10986,244.0,301,398.0,,394.0,203.0,365.0,391,361.0,589.0,204,250.0,515.0,297,,520.0,374.0,314.0,631.0,631.0,191.0,479.0,175.0,417.0,502.0,201,337.0,410.0,361,243.0,307.0,253.0,246.0,513.0
364,1999,10,8626,198.0,228,436.0,,284.0,201.0,292.0,277,368.0,234.0,422,232.0,305.0,205,,260.0,160.0,262.0,233.0,233.0,384.0,321.0,513.0,231.0,155.0,149,303.0,363.0,111,221.0,349.0,344.0,193.0,392.0
365,1999,11,285,11.0,1,0.0,,4.0,2.0,43.0,1,13.0,5.0,4,57.0,1.0,3,,5.0,14.0,34.0,0.0,0.0,16.0,12.0,1.0,5.0,1.0,3,8.0,0.0,4,0.0,0.0,0.0,35.0,2.0
366,1999,12,715,81.0,2,8.0,,1.0,107.0,0.0,124,0.0,0.0,0,32.0,34.0,0,,6.0,0.0,66.0,8.0,8.0,0.0,0.0,0.0,8.0,0.0,115,0.0,42.0,0,44.0,1.0,0.0,0.0,36.0
367,2000,1,824,34.0,19,42.0,18.0,25.0,17.0,45.0,1,13.0,0.0,17,34.0,40.0,8,1.0,26.0,4.0,10.0,40.0,40.0,16.0,28.0,18.0,26.0,4.0,41,1.0,106.0,20,46.0,49.0,48.0,25.0,2.0
368,2000,2,656,10.0,16,8.0,37.0,15.0,0.0,52.0,2,44.0,30.0,57,10.0,6.0,61,19.0,13.0,16.0,3.0,13.0,13.0,46.0,9.0,20.0,8.0,47.0,1,15.0,2.0,32,1.0,31.0,3.0,29.0,0.0
369,2000,3,1873,46.0,50,61.0,76.0,58.0,16.0,121.0,96,172.0,1.0,31,195.0,11.0,20,7.0,2.0,18.0,43.0,35.0,35.0,5.0,15.0,74.0,15.0,27.0,112,3.0,95.0,10,56.0,224.0,119.0,59.0,0.0
370,2000,4,5404,119.0,135,126.0,158.0,160.0,108.0,212.0,65,189.0,147.0,169,178.0,105.0,206,74.0,109.0,100.0,84.0,142.0,142.0,212.0,134.0,318.0,133.0,136.0,210,283.0,57.0,180,90.0,318.0,500.0,220.0,27.0
371,2000,5,15123,464.0,246,279.0,272.0,470.0,748.0,554.0,589,608.0,325.0,398,520.0,686.0,233,164.0,526.0,145.0,446.0,542.0,542.0,341.0,283.0,462.0,212.0,198.0,698,416.0,804.0,194,902.0,823.0,670.0,305.0,600.0
372,2000,6,14844,622.0,286,416.0,250.0,288.0,643.0,295.0,841,165.0,399.0,128,594.0,715.0,212,209.0,419.0,217.0,691.0,568.0,568.0,182.0,309.0,463.0,282.0,244.0,565,438.0,626.0,218,494.0,464.0,1120.0,390.0,1091.0
373,2000,7,15770,708.0,389,432.0,190.0,293.0,713.0,182.0,1300,197.0,197.0,153,718.0,694.0,241,486.0,797.0,410.0,792.0,629.0,629.0,259.0,356.0,150.0,497.0,115.0,207,166.0,1315.0,403,713.0,189.0,330.0,92.0,1457.0
374,2000,8,13745,564.0,203,233.0,289.0,214.0,689.0,319.0,870,359.0,195.0,345,756.0,415.0,147,239.0,411.0,294.0,659.0,393.0,393.0,321.0,209.0,257.0,300.0,190.0,534,232.0,489.0,317,671.0,490.0,981.0,152.0,1008.0
375,2000,9,10594,165.0,245,206.0,466.0,73.0,138.0,106.0,503,216.0,196.0,399,376.0,422.0,551,467.0,360.0,336.0,85.0,248.0,248.0,214.0,327.0,385.0,330.0,644.0,164,172.0,346.0,486,231.0,273.0,733.0,368.0,363.0
376,2000,10,7547,488.0,171,139.0,84.0,188.0,416.0,155.0,424,278.0,25.0,255,210.0,369.0,129,145.0,259.0,216.0,321.0,155.0,155.0,321.0,124.0,170.0,232.0,85.0,357,19.0,384.0,142,226.0,298.0,188.0,152.0,422.0
377,2000,11,508,15.0,10,89.0,0.0,1.0,15.0,3.0,16,0.0,0.0,0,60.0,15.0,0,0.0,19.0,0.0,4.0,43.0,43.0,0.0,5.0,0.0,95.0,0.0,45,0.0,28.0,0,26.0,2.0,0.0,0.0,17.0
378,2000,12,0,0.0,0,0.0,0.0,0.0,0.0,0.0,0,0.0,0.0,0,0.0,0.0,0,0.0,0.0,0.0,0.0,0.0,0.0,0.0,0.0,0.0,0.0,0.0,0,0.0,0.0,0,0.0,0.0,0.0,0.0,0.0
379,2001,1,6,0.0,0,0.0,0.0,0.0,0.0,0.0,0,0.0,0.0,0,0.0,0.0,0,0.0,0.0,0.0,0.0,0.0,0.0,0.0,1.0,0.0,0.0,0.0,0,0.0,0.0,0,0.0,0.0,0.0,5.0,0.0
380,2001,2,808,7.0,17,10.0,0.0,25.0,12.0,13.0,26,1.0,0.0,3,4.0,2.0,0,0.0,41.0,64.0,20.0,27.0,27.0,51.0,19.0,11.0,15.0,0.0,8,1.0,21.0,55,71.0,131.0,143.0,0.0,10.0
381,2001,3,529,8.0,4,4.0,0.0,1.0,1.0,6.0,0,33.0,0.0,21,0.0,0.0,20,56.0,1.0,21.0,1.0,0.0,0.0,8.0,6.0,16.0,3.0,9.0,1,23.0,0.0,38,20.0,100.0,42.0,86.0,0.0
382,2001,4,1518,40.0,16,10.0,22.0,23.0,41.0,54.0,6,46.0,5.0,124,40.0,17.0,52,29.0,24.0,51.0,19.0,10.0,10.0,31.0,22.0,156.0,61.0,13.0,34,38.0,19.0,53,43.0,154.0,177.0,88.0,0.0
383,2001,5,12133,461.0,282,450.0,223.0,448.0,423.0,300.0,379,402.0,222.0,286,322.0,485.0,257,317.0,381.0,244.0,302.0,523.0,523.0,552.0,301.0,358.0,379.0,209.0,282,235.0,925.0,223,439.0,504.0,481.0,364.0,174.0
384,2001,6,24420,601.0,641,892.0,299.0,541.0,567.0,590.0,1373,386.0,573.0,325,770.0,1213.0,409,498.0,1014.0,355.0,773.0,881.0,881.0,625.0,539.0,408.0,1084.0,324.0,569,481.0,3001.0,411,741.0,747.0,729.0,301.0,1759.0
385,2001,7,13931,385.0,556,406.0,185.0,387.0,385.0,184.0,903,202.0,158.0,239,480.0,789.0,165,163.0,621.0,272.0,413.0,548.0,548.0,422.0,445.0,183.0,534.0,338.0,346,341.0,817.0,263,382.0,302.0,612.0,269.0,1236.0
386,2001,8,10366,237.0,191,198.0,115.0,197.0,238.0,312.0,534,205.0,318.0,222,589.0,689.0,158,109.0,294.0,188.0,301.0,466.0,466.0,223.0,136.0,227.0,146.0,209.0,332,346.0,535.0,236,583.0,405.0,609.0,134.0,684.0
387,2001,9,9089,226.0,149,218.0,344.0,321.0,224.0,258.0,426,209.0,462.0,206,101.0,597.0,334,137.0,487.0,207.0,167.0,424.0,424.0,258.0,181.0,356.0,217.0,95.0,212,550.0,163.0,230,201.0,208.0,347.0,188.0,386.0
388,2001,10,7963,242.0,305,290.0,203.0,157.0,242.0,161.0,236,177.0,382.0,165,177.0,434.0,74,134.0,397.0,196.0,200.0,254.0,254.0,162.0,251.0,222.0,386.0,184.0,181,470.0,482.0,122,183.0,304.0,281.0,94.0,215.0
389,2001,11,2275,81.0,67,60.0,8.0,76.0,81.0,72.0,131,18.0,53.0,43,56.0,205.0,10,14.0,209.0,31.0,124.0,96.0,96.0,47.0,53.0,11.0,90.0,1.0,101,7.0,132.0,52,63.0,55.0,55.0,43.0,130.0
390,2001,12,1,0.0,0,0.0,0.0,0.0,0.0,0.0,0,0.0,0.0,0,0.0,0.0,0,0.0,0.0,0.0,0.0,0.0,0.0,0.0,0.0,0.0,0.0,0.0,0,0.0,0.0,0,0.0,0.0,0.0,0.0,1.0
391,2002,1,386,1.0,19,22.0,7.0,14.0,1.0,29.0,26,22.0,8.0,19,4.0,3.0,15,18.0,16.0,15.0,3.0,18.0,18.0,8.0,13.0,6.0,11.0,10.0,9,8.0,11.0,14,5.0,15.0,2.0,12.0,2.0
392,2002,2,47,0.0,0,0.0,0.0,0.0,0.0,0.0,0,4.0,18.0,0,0.0,0.0,2,0.0,0.0,0.0,0.0,0.0,0.0,6.0,5.0,0.0,0.0,1.0,0,6.0,0.0,0,0.0,0.0,2.0,3.0,0.0
393,2002,3,1957,70.0,36,24.0,13.0,88.0,70.0,72.0,43,51.0,13.0,56,95.0,31.0,62,22.0,38.0,14.0,41.0,93.0,93.0,100.0,32.0,41.0,4.0,20.0,42,38.0,230.0,6,64.0,147.0,78.0,177.0,46.0
394,2002,4,4533,79.0,101,65.0,284.0,91.0,67.0,91.0,92,111.0,168.0,91,94.0,84.0,72,161.0,143.0,74.0,56.0,120.0,120.0,89.0,74.0,259.0,101.0,96.0,66,376.0,201.0,91,147.0,383.0,441.0,157.0,8.0
395,2002,5,11684,453.0,324,294.0,132.0,277.0,453.0,344.0,494,272.0,104.0,286,455.0,437.0,177,264.0,342.0,254.0,473.0,594.0,594.0,193.0,206.0,389.0,185.0,196.0,548,290.0,835.0,164,404.0,572.0,548.0,227.0,498.0
396,2002,6,18126,374.0,577,474.0,254.0,549.0,366.0,316.0,503,373.0,658.0,395,460.0,690.0,296,535.0,571.0,846.0,359.0,685.0,685.0,528.0,983.0,606.0,809.0,222.0,262,913.0,1017.0,536,701.0,529.0,701.0,230.0,808.0
397,2002,7,22846,920.0,717,576.0,476.0,477.0,920.0,766.0,1236,446.0,795.0,586,790.0,1019.0,253,524.0,509.0,360.0,686.0,726.0,726.0,553.0,389.0,440.0,560.0,316.0,852,582.0,2031.0,434,902.0,541.0,841.0,487.0,1136.0
398,2002,8,12852,456.0,272,421.0,496.0,399.0,456.0,223.0,658,272.0,246.0,420,439.0,562.0,227,231.0,540.0,483.0,392.0,476.0,476.0,355.0,441.0,204.0,458.0,238.0,472,287.0,0.0,301,467.0,464.0,469.0,335.0,692.0
399,2002,9,9986,145.0,346,320.0,326.0,258.0,145.0,129.0,316,156.0,481.0,158,218.0,297.0,240,221.0,374.0,357.0,177.0,204.0,204.0,209.0,492.0,255.0,481.0,281.0,353,521.0,0.0,245,1116.0,307.0,396.0,205.0,257.0
400,2002,10,3435,128.0,53,54.0,27.0,32.0,129.0,83.0,330,52.0,56.0,38,20.0,118.0,75,32.0,216.0,22.0,202.0,98.0,98.0,24.0,62.0,145.0,81.0,48.0,79,99.0,0.0,23,446.0,117.0,108.0,98.0,340.0
401,2002,11,2793,128.0,92,74.0,21.0,77.0,128.0,83.0,219,36.0,6.0,130,85.0,143.0,47,112.0,76.0,169.0,0.0,108.0,108.0,100.0,89.0,87.0,14.0,17.0,94,7.0,0.0,89,109.0,90.0,132.0,89.0,142.0
402,2002,12,42,10.0,0,0.0,0.0,0.0,10.0,0.0,1,0.0,0.0,0,0.0,0.0,0,0.0,0.0,0.0,0.0,0.0,0.0,0.0,0.0,0.0,0.0,0.0,7,0.0,0.0,0,0.0,0.0,14.0,0.0,0.0
403,2003,1,28,0.0,0,0.0,4.0,0.0,,2.0,0,0.0,11.0,0,0.0,0.0,0,0.0,0.0,0.0,0.0,0.0,0.0,0.0,0.0,0.0,0.0,3.0,0,8.0,,0,0.0,0.0,0.0,0.0,0.0
404,2003,2,451,0.0,4,4.0,53.0,13.0,,50.0,4,25.0,34.0,113,2.0,0.0,24,5.0,8.0,0.0,0.0,7.0,7.0,10.0,2.0,27.0,5.0,18.0,1,23.0,,0,1.0,4.0,0.0,14.0,0.0
405,2003,3,2841,53.0,117,48.0,72.0,109.0,,128.0,68,96.0,53.0,110,92.0,35.0,73,119.0,109.0,155.0,66.0,92.0,92.0,70.0,175.0,87.0,113.0,64.0,36,109.0,,121,74.0,65.0,170.0,145.0,17.0
406,2003,4,3004,170.0,104,86.0,113.0,81.0,,132.0,10,123.0,105.0,109,48.0,127.0,89,49.0,79.0,63.0,11.0,130.0,130.0,84.0,41.0,130.0,59.0,45.0,82,143.0,,52,114.0,215.0,311.0,99.0,0.0
407,2003,5,5806,198.0,85,101.0,214.0,125.0,,141.0,574,140.0,147.0,89,93.0,148.0,58,72.0,165.0,125.0,215.0,209.0,209.0,66.0,127.0,267.0,189.0,84.0,273,160.0,,174,268.0,367.0,359.0,352.0,221.0
408,2003,6,21243,1209.0,521,593.0,364.0,533.0,,673.0,1349,473.0,337.0,294,1046.0,1225.0,353,404.0,703.0,251.0,925.0,927.0,927.0,434.0,351.0,420.0,1023.0,280.0,1086,573.0,,252,1025.0,640.0,1038.0,303.0,1638.0
409,2003,7,11474,296.0,243,255.0,219.0,209.0,,290.0,896,191.0,532.0,276,397.0,752.0,134,427.0,404.0,287.0,330.0,468.0,468.0,283.0,284.0,213.0,461.0,230.0,252,633.0,,231,508.0,231.0,497.0,223.0,822.0
410,2003,8,8808,260.0,186,269.0,220.0,279.0,,131.0,655,202.0,197.0,120,315.0,583.0,87,177.0,290.0,255.0,327.0,455.0,455.0,191.0,229.0,124.0,360.0,128.0,222,183.0,,260,397.0,204.0,438.0,169.0,895.0
411,2003,9,8034,210.0,206,170.0,156.0,200.0,,97.0,347,264.0,230.0,81,356.0,395.0,145,148.0,239.0,145.0,390.0,272.0,272.0,221.0,188.0,190.0,259.0,262.0,370,206.0,,202,387.0,268.0,499.0,262.0,669.0
412,2003,10,8253,234.0,301,263.0,264.0,143.0,,129.0,207,134.0,380.0,182,242.0,306.0,134,466.0,392.0,315.0,231.0,499.0,499.0,226.0,263.0,345.0,387.0,292.0,93,340.0,,420,193.0,247.0,237.0,207.0,181.0
413,2003,11,3,0.0,0,0.0,0.0,0.0,,3.0,0,0.0,0.0,0,0.0,0.0,0,0.0,0.0,0.0,0.0,0.0,0.0,0.0,0.0,0.0,0.0,0.0,0,0.0,,0,0.0,0.0,0.0,0.0,0.0
414,2003,12,876,66.0,28,30.0,13.0,26.0,,49.0,3,45.0,31.0,26,60.0,93.0,5,25.0,46.0,22.0,0.0,32.0,32.0,23.0,28.0,10.0,1.0,6.0,59,24.0,,25,9.0,54.0,7.0,22.0,8.0
415,2004,1,49,0.0,0,0.0,0.0,0.0,,0.0,0,0.0,7.0,3,0.0,0.0,0,3.0,0.0,0.0,0.0,0.0,0.0,0.0,0.0,6.0,0.0,10.0,0,9.0,0.0,0,0.0,0.0,1.0,10.0,0.0
416,2004,2,16,0.0,0,0.0,0.0,0.0,,4.0,0,0.0,0.0,0,0.0,0.0,0,0.0,1.0,0.0,0.0,0.0,0.0,0.0,0.0,2.0,1.0,0.0,0,0.0,0.0,0,0.0,0.0,8.0,0.0,0.0
417,2004,3,361,6.0,11,11.0,45.0,9.0,,6.0,1,9.0,12.0,6,0.0,7.0,0,9.0,16.0,7.0,4.0,14.0,14.0,6.0,7.0,13.0,12.0,0.0,8,39.0,38.0,4,5.0,10.0,40.0,6.0,0.0
418,2004,4,5288,165.0,87,129.0,90.0,104.0,,175.0,204,167.0,163.0,52,177.0,207.0,127,70.0,64.0,85.0,134.0,277.0,277.0,89.0,95.0,244.0,179.0,61.0,170,196.0,0.0,122,169.0,657.0,622.0,104.0,103.0
419,2004,5,5872,275.0,126,157.0,137.0,101.0,,186.0,250,162.0,278.0,208,185.0,150.0,125,138.0,103.0,180.0,167.0,124.0,124.0,96.0,109.0,87.0,147.0,92.0,116,347.0,72.0,122,240.0,447.0,371.0,137.0,437.0
420,2004,6,15865,638.0,316,580.0,638.0,374.0,,654.0,705,476.0,517.0,420,468.0,828.0,292,305.0,479.0,383.0,539.0,643.0,643.0,467.0,293.0,392.0,277.0,507.0,841,352.0,315.0,382,638.0,458.0,553.0,455.0,680.0
421,2004,7,18193,905.0,241,467.0,529.0,312.0,,311.0,751,295.0,602.0,235,499.0,839.0,397,398.0,325.0,253.0,559.0,552.0,552.0,204.0,280.0,753.0,544.0,339.0,1076,653.0,1353.0,324,706.0,889.0,1394.0,309.0,899.0
422,2004,8,11472,142.0,478,460.0,261.0,334.0,,183.0,686,191.0,128.0,155,104.0,515.0,156,347.0,591.0,266.0,461.0,511.0,511.0,282.0,336.0,241.0,448.0,275.0,229,133.0,395.0,435,534.0,184.0,545.0,304.0,1162.0
423,2004,9,21035,590.0,1067,993.0,206.0,845.0,,686.0,438,839.0,253.0,764,708.0,1039.0,541,917.0,672.0,621.0,528.0,1008.0,1008.0,873.0,506.0,250.0,756.0,349.0,491,464.0,1826.0,398,719.0,331.0,478.0,500.0,379.0
424,2004,10,8526,203.0,203,282.0,251.0,302.0,,218.0,247,208.0,330.0,156,254.0,420.0,151,257.0,221.0,183.0,149.0,316.0,316.0,192.0,274.0,487.0,283.0,153.0,182,484.0,671.0,246,236.0,80.0,235.0,180.0,472.0
425,2004,11,31,0.0,0,1.0,0.0,0.0,,1.0,0,0.0,0.0,0,0.0,0.0,0,0.0,0.0,0.0,0.0,0.0,0.0,12.0,3.0,0.0,0.0,0.0,0,0.0,0.0,0,0.0,0.0,5.0,0.0,9.0
426,2004,12,40,0.0,0,0.0,0.0,2.0,,0.0,0,0.0,3.0,2,0.0,0.0,0,0.0,0.0,0.0,0.0,0.0,0.0,0.0,0.0,18.0,0.0,0.0,0,3.0,0.0,0,0.0,0.0,12.0,0.0,0.0
427,2005,1,364,5.0,11,7.0,5.0,7.0,,6.0,6,1.0,9.0,8,11.0,0.0,14,33.0,95.0,15.0,4.0,25.0,25.0,0.0,28.0,3.0,22.0,14.0,2,11.0,7.0,6,5.0,0.0,0.0,4.0,0.0
428,2005,1,364,5.0,11,7.0,5.0,7.0,,6.0,6,1.0,9.0,8,11.0,0.0,14,33.0,95.0,15.0,4.0,25.0,25.0,0.0,28.0,3.0,22.0,14.0,2,11.0,7.0,6,5.0,0.0,0.0,4.0,0.0
429,2005,2,219,0.0,0,0.0,9.0,0.0,,2.0,0,3.0,15.0,7,0.0,0.0,3,16.0,0.0,0.0,0.0,0.0,0.0,0.0,0.0,27.0,0.0,1.0,0,9.0,0.0,0,0.0,71.0,48.0,8.0,0.0
430,2005,2,219,0.0,0,0.0,9.0,0.0,,2.0,0,3.0,15.0,7,0.0,0.0,3,16.0,0.0,0.0,0.0,0.0,0.0,0.0,0.0,27.0,0.0,1.0,0,9.0,0.0,0,0.0,71.0,48.0,8.0,0.0
431,2005,3,3469,57.0,138,106.0,58.0,122.0,,249.0,27,155.0,37.0,136,0.0,84.0,75,129.0,93.0,148.0,102.0,153.0,153.0,61.0,93.0,77.0,139.0,104.0,74,61.0,115.0,120,77.0,162.0,388.0,58.0,10.0
432,2005,3,3469,57.0,138,106.0,58.0,122.0,,249.0,27,155.0,37.0,136,0.0,84.0,75,129.0,93.0,148.0,102.0,153.0,153.0,61.0,93.0,77.0,139.0,104.0,74,61.0,115.0,120,77.0,162.0,388.0,58.0,10.0
433,2005,4,2877,121.0,26,63.0,72.0,91.0,,157.0,113,91.0,89.0,13,188.0,145.0,13,31.0,6.0,43.0,139.0,67.0,67.0,21.0,25.0,142.0,45.0,27.0,199,93.0,78.0,28,158.0,155.0,296.0,44.0,77.0
434,2005,4,2877,121.0,26,63.0,72.0,91.0,,157.0,113,91.0,89.0,13,188.0,145.0,13,31.0,6.0,43.0,139.0,67.0,67.0,21.0,25.0,142.0,45.0,27.0,199,93.0,78.0,28,158.0,155.0,296.0,44.0,77.0
435,2005,5,7091,148.0,85,87.0,138.0,115.0,,193.0,178,291.0,255.0,68,331.0,85.0,89,59.0,166.0,215.0,218.0,214.0,214.0,114.0,238.0,495.0,109.0,108.0,238,271.0,278.0,80,256.0,615.0,895.0,232.0,113.0
436,2005,5,7091,148.0,85,87.0,138.0,115.0,,193.0,178,291.0,255.0,68,331.0,85.0,89,59.0,166.0,215.0,218.0,214.0,214.0,114.0,238.0,495.0,109.0,108.0,238,271.0,278.0,80,256.0,615.0,895.0,232.0,113.0
437,2005,6,10143,233.0,326,181.0,130.0,31.0,,259.0,848,259.0,474.0,233,292.0,420.0,199,141.0,473.0,102.0,433.0,463.0,463.0,183.0,342.0,255.0,220.0,92.0,185,428.0,444.0,261,247.0,294.0,354.0,135.0,1023.0
438,2005,6,10143,233.0,326,181.0,130.0,31.0,,259.0,848,259.0,474.0,233,292.0,420.0,199,141.0,473.0,102.0,433.0,463.0,463.0,183.0,342.0,255.0,220.0,92.0,185,428.0,444.0,261,247.0,294.0,354.0,135.0,1023.0
439,2005,7,19118,596.0,463,860.0,471.0,344.0,,403.0,608,542.0,507.0,384,784.0,872.0,378,546.0,1000.0,435.0,507.0,724.0,724.0,556.0,633.0,405.0,923.0,492.0,274,671.0,554.0,497,541.0,330.0,978.0,331.0,953.0
440,2005,7,19118,596.0,463,860.0,471.0,344.0,,403.0,608,542.0,507.0,384,784.0,872.0,378,546.0,1000.0,435.0,507.0,724.0,724.0,556.0,633.0,405.0,923.0,492.0,274,671.0,554.0,497,541.0,330.0,978.0,331.0,953.0
441,2005,8,16887,654.0,302,460.0,328.0,318.0,,410.0,957,361.0,597.0,276,615.0,1311.0,246,115.0,489.0,194.0,853.0,626.0,626.0,433.0,264.0,514.0,391.0,161.0,644,400.0,782.0,158,1081.0,268.0,626.0,264.0,1356.0
442,2005,8,16887,654.0,302,460.0,328.0,318.0,,410.0,957,361.0,597.0,276,615.0,1311.0,246,115.0,489.0,194.0,853.0,626.0,626.0,433.0,264.0,514.0,391.0,161.0,644,400.0,782.0,158,1081.0,268.0,626.0,264.0,1356.0
443,2005,9,9521,386.0,174,197.0,356.0,149.0,,395.0,342,514.0,222.0,167,279.0,275.0,137,194.0,475.0,410.0,251.0,226.0,226.0,164.0,391.0,360.0,274.0,131.0,323,328.0,258.0,338,348.0,320.0,319.0,381.0,273.0
444,2005,9,9521,386.0,174,197.0,356.0,149.0,,395.0,342,514.0,222.0,167,279.0,275.0,137,194.0,475.0,410.0,251.0,226.0,226.0,164.0,391.0,360.0,274.0,131.0,323,328.0,258.0,338,348.0,320.0,319.0,381.0,273.0
445,2005,10,12875,100.0,415,397.0,523.0,360.0,,349.0,257,417.0,770.0,357,346.0,608.0,664,412.0,534.0,420.0,189.0,332.0,332.0,371.0,390.0,394.0,573.0,275.0,125,581.0,462.0,484,312.0,159.0,259.0,556.0,113.0
446,2005,10,12875,100.0,415,397.0,523.0,360.0,,349.0,257,417.0,770.0,357,346.0,608.0,664,412.0,534.0,420.0,189.0,332.0,332.0,371.0,390.0,394.0,573.0,275.0,125,581.0,462.0,484,312.0,159.0,259.0,556.0,113.0
447,2005,11,250,23.0,0,0.0,0.0,0.0,,0.0,23,3.0,0.0,0,22.0,5.0,0,2.0,1.0,0.0,16.0,0.0,0.0,1.0,1.0,0.0,0.0,0.0,53,0.0,81.0,0,0.0,0.0,0.0,4.0,14.0
448,2005,11,250,23.0,0,0.0,0.0,0.0,,0.0,23,3.0,0.0,0,22.0,5.0,0,2.0,1.0,0.0,16.0,0.0,0.0,1.0,1.0,0.0,0.0,0.0,53,0.0,81.0,0,0.0,0.0,0.0,4.0,14.0
449,2005,12,194,8.0,3,8.0,1.0,2.0,,1.0,25,0.0,0.0,1,0.0,9.0,1,0.0,16.0,0.0,15.0,3.0,3.0,1.0,1.0,0.0,7.0,0.0,7,0.0,8.0,10,5.0,1.0,0.0,0.0,60.0
450,2005,12,194,8.0,3,8.0,1.0,2.0,,1.0,25,0.0,0.0,1,0.0,9.0,1,0.0,16.0,0.0,15.0,3.0,3.0,1.0,1.0,0.0,7.0,0.0,7,0.0,8.0,10,5.0,1.0,0.0,0.0,60.0
451,2006,1,0,0.0,0,0.0,0.0,0.0,,0.0,0,0.0,0.0,0,0.0,0.0,0,0.0,0.0,0.0,0.0,0.0,0.0,0.0,0.0,0.0,0.0,0.0,0,0.0,0.0,0,0.0,0.0,0.0,0.0,0.0
452,2006,2,66,0.0,0,0.0,0.0,0.0,,0.0,0,0.0,0.0,0,0.0,0.0,0,0.0,0.0,0.0,0.0,0.0,0.0,0.0,0.0,0.0,0.0,0.0,0,1.0,0.0,0,0.0,3.0,62.0,0.0,0.0
453,2006,3,103,0.0,4,7.0,12.0,0.0,,0.0,0,0.0,1.0,0,0.0,1.0,2,1.0,0.0,5.0,0.0,2.0,2.0,0.0,14.0,2.0,1.0,7.0,0,2.0,1.0,24,0.0,1.0,16.0,0.0,0.0
454,2006,4,2503,50.0,41,8.0,143.0,27.0,,117.0,114,181.0,67.0,128,52.0,57.0,74,52.0,65.0,19.0,25.0,61.0,61.0,55.0,9.0,153.0,7.0,36.0,36,85.0,51.0,59,56.0,195.0,353.0,96.0,31.0
455,2006,5,13734,859.0,274,399.0,193.0,260.0,,607.0,800,185.0,259.0,218,577.0,645.0,213,302.0,452.0,230.0,626.0,507.0,507.0,237.0,243.0,379.0,339.0,189.0,701,367.0,873.0,285,569.0,364.0,572.0,286.0,724.0
456,2006,6,12187,288.0,352,311.0,184.0,336.0,,402.0,662,326.0,222.0,229,390.0,466.0,199,214.0,389.0,262.0,488.0,435.0,435.0,254.0,255.0,371.0,533.0,188.0,313,472.0,507.0,260,321.0,478.0,1288.0,301.0,491.0
457,2006,7,13744,495.0,384,353.0,192.0,348.0,,151.0,802,331.0,218.0,340,439.0,603.0,233,455.0,611.0,522.0,899.0,479.0,479.0,223.0,462.0,274.0,354.0,130.0,476,271.0,650.0,548,397.0,271.0,436.0,247.0,1150.0
458,2006,8,9452,138.0,378,447.0,138.0,309.0,,226.0,385,167.0,126.0,192,188.0,319.0,244,316.0,398.0,364.0,344.0,382.0,382.0,243.0,318.0,339.0,406.0,247.0,370,96.0,184.0,359,177.0,325.0,424.0,171.0,732.0
459,2006,9,14840,438.0,522,626.0,174.0,410.0,,300.0,678,663.0,340.0,486,388.0,698.0,277,400.0,699.0,579.0,502.0,633.0,633.0,453.0,390.0,420.0,620.0,302.0,302,235.0,776.0,403,457.0,165.0,288.0,392.0,824.0
460,2006,10,2032,91.0,41,38.0,69.0,24.0,,94.0,78,61.0,21.0,55,52.0,136.0,4,16.0,23.0,79.0,81.0,28.0,28.0,37.0,48.0,23.0,24.0,36.0,99,120.0,51.0,63,50.0,150.0,72.0,31.0,237.0
461,2006,11,301,16.0,2,0.0,1.0,0.0,,1.0,10,5.0,23.0,1,0.0,16.0,40,13.0,11.0,1.0,2.0,20.0,20.0,1.0,6.0,0.0,3.0,10.0,19,8.0,18.0,0,4.0,15.0,12.0,0.0,43.0
462,2006,12,36,0.0,0,0.0,0.0,0.0,,0.0,0,0.0,8.0,0,0.0,0.0,0,0.0,0.0,0.0,0.0,0.0,0.0,0.0,0.0,0.0,0.0,0.0,0,25.0,0.0,0,0.0,0.0,3.0,0.0,0.0
463,2007,1,15,0.0,0,0.0,0.0,0.0,,0.0,0,0.0,0.0,0,0.0,1.0,0,0.0,10.0,0.0,0.0,0.0,0.0,0.0,2.0,0.0,1.0,0.0,0,0.0,0.0,1,0.0,0.0,0.0,0.0,0.0
464,2007,2,1925,49.0,72,80.0,18.0,57.0,,20.0,65,30.0,30.0,59,73.0,139.0,35,66.0,37.0,54.0,117.0,77.0,77.0,49.0,71.0,55.0,113.0,27.0,58,47.0,98.0,116,55.0,68.0,34.0,48.0,8.0
465,2007,3,575,4.0,33,27.0,25.0,40.0,,21.0,0,11.0,2.0,4,4.0,23.0,22,21.0,0.0,14.0,0.0,9.0,9.0,35.0,1.0,18.0,0.0,59.0,32,16.0,1.0,19,0.0,69.0,41.0,24.0,0.0
466,2007,4,3751,223.0,50,140.0,28.0,51.0,,179.0,100,163.0,33.0,60,128.0,108.0,30,62.0,80.0,92.0,104.0,139.0,139.0,114.0,64.0,208.0,35.0,13.0,168,39.0,194.0,76,167.0,293.0,481.0,60.0,69.0
467,2007,5,6913,263.0,146,140.0,92.0,226.0,,153.0,373,185.0,121.0,93,282.0,257.0,50,159.0,227.0,119.0,365.0,376.0,376.0,56.0,57.0,123.0,158.0,260.0,280,233.0,489.0,41,349.0,214.0,669.0,67.0,290.0
468,2007,6,16956,953.0,471,440.0,732.0,399.0,,548.0,640,628.0,474.0,528,509.0,630.0,269,289.0,240.0,374.0,483.0,483.0,483.0,378.0,226.0,849.0,426.0,313.0,591,568.0,806.0,254,706.0,622.0,869.0,660.0,598.0
469,2007,7,22655,930.0,560,511.0,320.0,782.0,,654.0,1274,753.0,401.0,676,970.0,968.0,516,735.0,926.0,591.0,709.0,762.0,762.0,501.0,580.0,726.0,815.0,364.0,712,558.0,827.0,466,842.0,245.0,786.0,609.0,1586.0
470,2007,8,10700,589.0,218,203.0,256.0,180.0,,221.0,526,505.0,233.0,216,402.0,494.0,285,299.0,334.0,160.0,416.0,353.0,353.0,219.0,262.0,368.0,301.0,236.0,268,149.0,509.0,167,488.0,362.0,578.0,275.0,628.0
471,2007,9,13022,512.0,326,411.0,302.0,266.0,,339.0,409,179.0,234.0,130,601.0,731.0,220,259.0,557.0,397.0,481.0,759.0,759.0,291.0,355.0,149.0,639.0,309.0,535,277.0,631.0,459,625.0,333.0,594.0,253.0,459.0
472,2007,10,10105,635.0,357,277.0,131.0,228.0,,280.0,492,320.0,51.0,180,499.0,413.0,131,116.0,693.0,197.0,325.0,451.0,451.0,283.0,267.0,219.0,369.0,76.0,351,138.0,653.0,175,709.0,152.0,142.0,173.0,622.0
473,2007,11,3237,182.0,95,99.0,15.0,109.0,,82.0,127,111.0,0.0,94,75.0,191.0,15,113.0,127.0,113.0,162.0,105.0,105.0,135.0,101.0,67.0,170.0,1.0,81,12.0,97.0,98,63.0,159.0,144.0,89.0,205.0
474,2007,12,0,0.0,0,0.0,0.0,0.0,,0.0,0,0.0,0.0,0,0.0,0.0,0,0.0,0.0,0.0,0.0,0.0,0.0,0.0,0.0,0.0,0.0,0.0,0,0.0,0.0,0,0.0,0.0,0.0,0.0,0.0
475,2008,1,1319,56.0,41,23.0,27.0,39.0,64.0,30.0,15,23.0,33.0,42,29.0,41.0,37,70.0,40.0,66.0,52.0,27.0,27.0,40.0,50.0,30.0,34.0,26.0,47,36.0,38.0,92,32.0,32.0,19.0,28.0,60.0
476,2008,2,664,13.0,24,15.0,0.0,22.0,7.0,11.0,50,56.0,1.0,45,16.0,23.0,2,35.0,35.0,36.0,6.0,16.0,16.0,15.0,36.0,5.0,20.0,0.0,8,1.0,7.0,39,5.0,24.0,35.0,49.0,7.0
477,2008,3,996,14.0,22,4.0,22.0,64.0,6.0,26.0,4,45.0,19.0,31,30.0,35.0,12,37.0,1.0,48.0,10.0,68.0,68.0,35.0,12.0,96.0,2.0,0.0,5,49.0,11.0,16,13.0,39.0,165.0,55.0,0.0
478,2008,4,975,1.0,16,16.0,20.0,67.0,1.0,34.0,0,91.0,27.0,31,16.0,21.0,35,39.0,28.0,36.0,1.0,14.0,14.0,25.0,7.0,25.0,9.0,30.0,0,74.0,3.0,85,7.0,42.0,162.0,12.0,0.0
479,2008,5,7186,272.0,64,162.0,213.0,240.0,244.0,282.0,244,205.0,220.0,58,285.0,204.0,145,208.0,111.0,151.0,253.0,202.0,202.0,146.0,146.0,280.0,91.0,144.0,188,273.0,216.0,129,439.0,296.0,501.0,239.0,335.0
480,2008,6,13979,618.0,239,313.0,393.0,193.0,538.0,330.0,1318,409.0,363.0,236,505.0,696.0,206,242.0,438.0,190.0,441.0,516.0,516.0,221.0,252.0,675.0,241.0,247.0,262,444.0,494.0,200,386.0,281.0,648.0,309.0,1135.0
481,2008,7,23394,962.0,550,729.0,474.0,649.0,963.0,457.0,1275,563.0,437.0,430,788.0,1235.0,295,459.0,931.0,301.0,1256.0,980.0,980.0,532.0,474.0,473.0,1016.0,373.0,433,232.0,1414.0,280,994.0,319.0,604.0,444.0,2072.0
482,2008,8,14586,809.0,357,247.0,374.0,320.0,757.0,375.0,664,319.0,385.0,175,687.0,512.0,208,204.0,459.0,202.0,659.0,504.0,504.0,248.0,217.0,354.0,306.0,245.0,400,396.0,849.0,257,687.0,411.0,761.0,245.0,993.0
483,2008,9,8959,266.0,210,155.0,109.0,213.0,250.0,247.0,387,279.0,242.0,223,249.0,386.0,256,415.0,514.0,379.0,305.0,250.0,250.0,172.0,299.0,131.0,387.0,129.0,240,227.0,486.0,275,226.0,158.0,264.0,110.0,520.0
484,2008,10,7762,216.0,341,348.0,159.0,333.0,171.0,265.0,184,227.0,45.0,172,269.0,377.0,108,179.0,467.0,187.0,181.0,426.0,426.0,245.0,197.0,170.0,408.0,121.0,172,175.0,180.0,170,154.0,273.0,192.0,365.0,285.0
485,2008,11,120,43.0,0,0.0,0.0,0.0,31.0,0.0,3,0.0,0.0,0,0.0,1.0,0,0.0,0.0,0.0,7.0,1.0,1.0,0.0,0.0,0.0,0.0,0.0,25,0.0,2.0,0,2.0,0.0,0.0,0.0,5.0
486,2008,12,2,0.0,0,0.0,0.0,0.0,0.0,0.0,0,0.0,0.0,0,0.0,0.0,0,0.0,0.0,0.0,0.0,0.0,0.0,0.0,0.0,0.0,0.0,0.0,0,0.0,2.0,0,0.0,0.0,0.0,0.0,0.0
487,2009,1,3,0.0,0,0.0,0.0,0.0,0.0,0.0,0,1.0,0.0,0,0.0,0.0,0,0.0,0.0,1.0,0.0,0.0,0.0,0.0,0.0,0.0,0.0,1.0,0,0.0,0.0,0,0.0,0.0,0.0,0.0,0.0
488,2009,2,86,0.0,20,3.0,3.0,1.0,2.0,0.0,0,1.0,0.0,2,1.0,1.0,4,7.0,0.0,6.0,0.0,2.0,2.0,4.0,1.0,0.0,0.0,7.0,0,0.0,0.0,0,0.0,1.0,20.0,0.0,0.0
489,2009,3,515,2.0,13,6.0,3.0,5.0,3.0,3.0,0,43.0,10.0,31,20.0,7.0,71,33.0,2.0,10.0,2.0,6.0,6.0,9.0,8.0,17.0,55.0,28.0,1,9.0,3.0,3,1.0,47.0,63.0,1.0,0.0
490,2009,4,2562,125.0,112,117.0,49.0,56.0,114.0,48.0,130,14.0,41.0,15,36.0,103.0,16,0.0,45.0,23.0,87.0,121.0,121.0,63.0,23.0,54.0,73.0,0.0,61,158.0,69.0,12,78.0,138.0,427.0,59.0,95.0
491,2009,5,9198,360.0,133,244.0,205.0,220.0,373.0,295.0,241,168.0,369.0,166,506.0,267.0,134,170.0,210.0,130.0,180.0,386.0,386.0,226.0,191.0,411.0,209.0,131.0,264,270.0,420.0,179,320.0,713.0,576.0,218.0,313.0
492,2009,6,8755,408.0,139,175.0,128.0,177.0,434.0,235.0,324,170.0,457.0,175,371.0,226.0,73,169.0,221.0,233.0,410.0,380.0,380.0,180.0,177.0,130.0,196.0,126.0,295,336.0,391.0,55,394.0,374.0,469.0,185.0,542.0
493,2009,7,20649,1025.0,542,544.0,194.0,431.0,1244.0,573.0,971,676.0,281.0,523,854.0,856.0,299,369.0,758.0,347.0,1067.0,864.0,864.0,355.0,424.0,431.0,695.0,183.0,639,304.0,1320.0,251,916.0,331.0,599.0,329.0,1454.0
494,2009,8,17868,589.0,518,448.0,570.0,312.0,693.0,427.0,944,482.0,471.0,435,682.0,888.0,278,386.0,439.0,568.0,448.0,471.0,471.0,424.0,478.0,359.0,705.0,240.0,472,832.0,722.0,512,803.0,433.0,674.0,314.0,851.0
495,2009,9,9098,261.0,168,219.0,169.0,146.0,281.0,145.0,485,298.0,128.0,165,234.0,386.0,350,438.0,323.0,357.0,308.0,244.0,244.0,213.0,316.0,231.0,168.0,282.0,276,77.0,362.0,337,315.0,333.0,323.0,205.0,555.0
496,2009,10,5459,321.0,162,146.0,89.0,195.0,300.0,98.0,130,74.0,267.0,69,226.0,319.0,67,94.0,239.0,111.0,125.0,280.0,280.0,98.0,96.0,29.0,197.0,45.0,338,231.0,301.0,82,271.0,69.0,136.0,80.0,174.0
497,2009,11,552,39.0,13,18.0,0.0,3.0,17.0,0.0,58,4.0,1.0,3,55.0,27.0,0,1.0,52.0,20.0,31.0,54.0,54.0,8.0,6.0,0.0,11.0,0.0,49,0.0,26.0,19,21.0,13.0,0.0,0.0,3.0
498,2009,12,1,0.0,0,0.0,0.0,0.0,0.0,0.0,0,0.0,0.0,0,0.0,0.0,0,1.0,0.0,0.0,0.0,0.0,0.0,0.0,0.0,0.0,0.0,0.0,0,0.0,0.0,0,0.0,0.0,0.0,0.0,0.0
499,2010,1,1,0.0,0,0.0,0.0,0.0,0.0,0.0,0,0.0,0.0,0,0.0,0.0,0,0.0,0.0,0.0,0.0,0.0,0.0,1.0,0.0,0.0,0.0,0.0,0,0.0,0.0,0,0.0,0.0,0.0,0.0,0.0
500,2010,2,253,9.0,1,0.0,0.0,23.0,8.0,13.0,0,48.0,0.0,6,36.0,1.0,4,8.0,17.0,2.0,2.0,2.0,2.0,2.0,0.0,4.0,13.0,2.0,9,0.0,35.0,3,1.0,0.0,1.0,3.0,0.0
501,2010,3,722,50.0,1,1.0,0.0,3.0,40.0,30.0,15,22.0,0.0,0,6.0,5.0,0,11.0,0.0,14.0,10.0,2.0,2.0,11.0,0.0,16.0,0.0,2.0,121,0.0,27.0,1,37.0,48.0,147.0,69.0,33.0
502,2010,4,2256,50.0,10,10.0,29.0,17.0,46.0,23.0,12,37.0,84.0,12,62.0,18.0,46,37.0,5.0,21.0,4.0,12.0,12.0,45.0,19.0,123.0,8.0,37.0,112,169.0,26.0,25,71.0,228.0,804.0,46.0,8.0
503,2010,5,9859,282.0,212,195.0,185.0,191.0,346.0,343.0,717,177.0,206.0,142,338.0,370.0,100,264.0,371.0,146.0,464.0,293.0,293.0,167.0,143.0,337.0,219.0,75.0,424,237.0,279.0,214,314.0,560.0,728.0,328.0,492.0
504,2010,6,18768,916.0,481,401.0,286.0,541.0,747.0,417.0,982,308.0,515.0,367,728.0,911.0,163,329.0,681.0,287.0,666.0,933.0,933.0,300.0,350.0,384.0,513.0,211.0,653,650.0,949.0,318,876.0,440.0,946.0,430.0,1089.0
505,2010,7,11034,245.0,251,353.0,92.0,233.0,267.0,94.0,496,167.0,356.0,215,444.0,776.0,174,155.0,340.0,180.0,517.0,409.0,409.0,289.0,204.0,458.0,418.0,94.0,304,346.0,759.0,269,377.0,217.0,528.0,126.0,881.0
506,2010,8,10599,392.0,156,91.0,225.0,204.0,516.0,125.0,501,340.0,290.0,209,348.0,371.0,127,232.0,279.0,205.0,466.0,500.0,500.0,95.0,265.0,368.0,200.0,101.0,496,240.0,793.0,155,473.0,311.0,767.0,207.0,551.0
507,2010,9,7801,86.0,184,232.0,244.0,229.0,116.0,241.0,257,169.0,107.0,195,321.0,431.0,109,186.0,237.0,157.0,120.0,301.0,301.0,142.0,263.0,211.0,223.0,101.0,183,332.0,283.0,202,421.0,229.0,732.0,157.0,400.0
508,2010,10,9748,301.0,275,442.0,190.0,303.0,294.0,277.0,375,174.0,82.0,189,383.0,482.0,105,122.0,604.0,332.0,403.0,521.0,521.0,271.0,324.0,148.0,548.0,127.0,281,122.0,337.0,92,289.0,203.0,231.0,319.0,602.0
509,2010,11,505,52.0,64,39.0,3.0,6.0,38.0,0.0,15,0.0,1.0,12,20.0,0.0,3,4.0,29.0,0.0,0.0,10.0,10.0,2.0,94.0,4.0,19.0,3.0,45,4.0,4.0,1,4.0,1.0,10.0,3.0,15.0
510,2010,12,1057,22.0,27,8.0,20.0,15.0,19.0,15.0,68,81.0,0.0,62,23.0,3.0,63,32.0,5.0,13.0,50.0,19.0,19.0,5.0,11.0,42.0,6.0,39.0,17,2.0,17.0,15,5.0,53.0,45.0,62.0,193.0
511,2011,1,48,0.0,0,0.0,1.0,0.0,0.0,0.0,11,0.0,0.0,0,0.0,0.0,4,0.0,0.0,0.0,5.0,0.0,0.0,0.0,0.0,1.0,0.0,6.0,1,0.0,0.0,0,1.0,6.0,0.0,3.0,9.0
512,2011,2,93,0.0,0,0.0,0.0,1.0,0.0,0.0,0,0.0,28.0,0,10.0,0.0,1,0.0,0.0,1.0,0.0,6.0,6.0,1.0,0.0,12.0,0.0,0.0,1,20.0,0.0,1,0.0,7.0,3.0,0.0,1.0
513,2011,3,1224,35.0,34,32.0,7.0,35.0,35.0,28.0,4,20.0,27.0,17,55.0,67.0,30,34.0,35.0,16.0,22.0,24.0,24.0,20.0,8.0,32.0,17.0,10.0,49,13.0,120.0,58,126.0,56.0,99.0,48.0,11.0
514,2011,4,3008,117.0,105,66.0,145.0,145.0,133.0,76.0,123,123.0,61.0,109,58.0,61.0,96,33.0,106.0,28.0,118.0,61.0,61.0,101.0,112.0,80.0,34.0,94.0,78,28.0,124.0,58,163.0,96.0,78.0,68.0,130.0
515,2011,5,9131,355.0,153,317.0,194.0,424.0,276.0,351.0,296,235.0,250.0,163,437.0,529.0,155,132.0,249.0,145.0,316.0,358.0,358.0,169.0,132.0,239.0,180.0,187.0,169,261.0,372.0,218,361.0,595.0,403.0,198.0,312.0
516,2011,6,16510,454.0,481,425.0,193.0,410.0,481.0,346.0,926,314.0,348.0,383,599.0,635.0,253,314.0,542.0,381.0,952.0,794.0,794.0,408.0,504.0,449.0,680.0,341.0,516,306.0,661.0,450,502.0,401.0,578.0,303.0,1180.0
517,2011,7,15636,613.0,314,398.0,175.0,291.0,562.0,273.0,877,356.0,285.0,253,576.0,715.0,289,296.0,802.0,387.0,803.0,791.0,791.0,342.0,392.0,333.0,356.0,144.0,463,389.0,734.0,428,818.0,401.0,673.0,259.0,848.0
518,2011,8,22075,748.0,428,383.0,606.0,403.0,806.0,501.0,1226,409.0,381.0,469,832.0,1018.0,645,306.0,925.0,614.0,856.0,691.0,691.0,380.0,639.0,741.0,655.0,454.0,566,542.0,1124.0,638,1136.0,307.0,722.0,761.0,1163.0
519,2011,9,12933,740.0,337,331.0,389.0,291.0,762.0,233.0,692,207.0,261.0,113,402.0,659.0,261,227.0,345.0,367.0,597.0,392.0,392.0,131.0,421.0,242.0,406.0,203.0,420,366.0,823.0,217,524.0,108.0,490.0,150.0,826.0
520,2011,10,3134,66.0,56,63.0,0.0,128.0,46.0,76.0,280,112.0,0.0,2,225.0,158.0,2,18.0,88.0,3.0,224.0,117.0,117.0,61.0,39.0,18.0,80.0,35.0,98,6.0,302.0,53,127.0,73.0,55.0,49.0,474.0
521,2011,11,30,0.0,1,0.0,11.0,0.0,0.0,0.0,0,0.0,3.0,0,0.0,0.0,0,1.0,0.0,6.0,0.0,0.0,0.0,0.0,0.0,0.0,6.0,1.0,0,1.0,0.0,0,0.0,0.0,0.0,0.0,0.0
522,2011,12,6,0.0,0,0.0,0.0,0.0,0.0,0.0,5,0.0,0.0,0,0.0,0.0,0,0.0,0.0,0.0,1.0,0.0,0.0,0.0,0.0,0.0,0.0,0.0,0,0.0,0.0,0,0.0,0.0,0.0,0.0,0.0
523,2012,1,418,0.0,31,6.0,19.0,12.0,0.0,16.0,0,10.0,5.0,30,2.0,0.0,12,31.0,9.0,66.0,0.0,6.0,6.0,25.0,40.0,18.0,7.0,6.0,0,7.0,0.0,36,1.0,3.0,10.0,10.0,0.0
524,2012,2,92,0.0,2,1.0,0.0,12.0,0.0,1.0,0,1.0,5.0,1,0.0,0.0,0,4.0,0.0,18.0,0.0,0.0,0.0,16.0,13.0,0.0,2.0,0.0,0,2.0,0.0,14,0.0,0.0,0.0,0.0,0.0
525,2012,3,828,31.0,11,8.0,0.0,30.0,30.0,13.0,109,37.0,3.0,4,28.0,8.0,5,5.0,49.0,1.0,37.0,44.0,44.0,1.0,8.0,1.0,48.0,6.0,91,2.0,52.0,0,24.0,17.0,101.0,2.0,22.0
526,2012,4,6372,231.0,223,191.0,74.0,194.0,192.0,195.0,148,269.0,57.0,168,388.0,267.0,51,82.0,96.0,52.0,135.0,267.0,267.0,170.0,85.0,202.0,80.0,123.0,284,191.0,314.0,94,352.0,290.0,659.0,106.0,142.0
527,2012,5,5093,114.0,105,96.0,94.0,121.0,188.0,209.0,254,137.0,79.0,109,138.0,317.0,69,36.0,128.0,63.0,251.0,286.0,286.0,110.0,61.0,85.0,79.0,17.0,187,212.0,226.0,72,251.0,268.0,406.0,171.0,154.0
528,2012,6,17177,1268.0,205,233.0,147.0,279.0,1337.0,442.0,1102,175.0,380.0,128,723.0,538.0,177,221.0,415.0,255.0,1178.0,483.0,483.0,144.0,193.0,241.0,287.0,137.0,834,369.0,753.0,199,954.0,518.0,1185.0,246.0,1431.0
529,2012,7,17973,662.0,275,323.0,186.0,298.0,788.0,282.0,1130,226.0,435.0,252,568.0,738.0,215,334.0,639.0,391.0,1688.0,431.0,431.0,377.0,359.0,409.0,392.0,314.0,489,445.0,1399.0,239,1274.0,125.0,700.0,241.0,1349.0
530,2012,8,12333,300.0,270,285.0,164.0,452.0,299.0,373.0,801,282.0,106.0,221,390.0,501.0,97,187.0,392.0,254.0,527.0,442.0,442.0,203.0,449.0,238.0,439.0,179.0,297,187.0,889.0,314,567.0,353.0,738.0,204.0,933.0
531,2012,9,9107,221.0,381,191.0,345.0,137.0,170.0,178.0,302,81.0,349.0,165,274.0,377.0,178,271.0,562.0,374.0,260.0,322.0,322.0,216.0,420.0,221.0,348.0,178.0,268,405.0,182.0,282,234.0,139.0,261.0,319.0,496.0
532,2012,10,6656,445.0,70,123.0,74.0,128.0,636.0,115.0,263,38.0,91.0,83,356.0,244.0,157,71.0,259.0,89.0,554.0,156.0,156.0,197.0,114.0,45.0,142.0,102.0,344,57.0,263.0,95,256.0,193.0,502.0,75.0,319.0
533,2012,11,1559,3.0,44,35.0,36.0,92.0,3.0,102.0,14,68.0,1.0,111,18.0,13.0,86,61.0,69.0,80.0,47.0,29.0,29.0,86.0,34.0,19.0,71.0,101.0,23,0.0,3.0,105,19.0,21.0,48.0,94.0,23.0
534,2012,12,70,0.0,0,1.0,1.0,2.0,0.0,3.0,0,5.0,0.0,7,0.0,2.0,15,2.0,10.0,2.0,0.0,0.0,0.0,1.0,8.0,0.0,0.0,1.0,0,0.0,0.0,8,1.0,0.0,0.0,1.0,0.0
535,2013,1,14,0.0,0,0.0,0.0,0.0,0.0,0.0,0,0.0,0.0,0,0.0,0.0,1,6.0,0.0,1.0,0.0,0.0,0.0,0.0,0.0,0.0,1.0,0.0,0,0.0,0.0,5,0.0,0.0,0.0,0.0,0.0
536,2013,2,239,1.0,6,9.0,22.0,3.0,0.0,3.0,0,8.0,10.0,12,3.0,4.0,14,15.0,1.0,7.0,1.0,8.0,8.0,6.0,5.0,18.0,4.0,22.0,2,14.0,0.0,12,0.0,9.0,7.0,13.0,0.0
537,2013,3,312,5.0,5,0.0,3.0,15.0,3.0,30.0,0,26.0,0.0,12,26.0,0.0,0,8.0,0.0,19.0,0.0,4.0,4.0,15.0,2.0,21.0,0.0,12.0,2,4.0,0.0,37,13.0,31.0,16.0,3.0,0.0
538,2013,4,1989,58.0,64,28.0,0.0,135.0,58.0,28.0,54,32.0,99.0,55,17.0,50.0,69,63.0,0.0,62.0,85.0,65.0,65.0,29.0,28.0,69.0,27.0,51.0,83,115.0,52.0,29,57.0,104.0,229.0,60.0,34.0
539,2013,5,17428,469.0,701,655.0,152.0,670.0,773.0,467.0,700,378.0,133.0,380,533.0,842.0,182,278.0,727.0,430.0,1088.0,671.0,671.0,751.0,359.0,308.0,637.0,188.0,435,383.0,570.0,310,470.0,783.0,959.0,293.0,753.0
540,2013,6,13482,504.0,277,270.0,204.0,497.0,513.0,214.0,876,325.0,370.0,291,493.0,592.0,264,203.0,395.0,212.0,1058.0,658.0,658.0,199.0,244.0,267.0,333.0,178.0,280,327.0,560.0,245,569.0,301.0,729.0,213.0,821.0
541,2013,7,12754,391.0,377,327.0,283.0,225.0,405.0,276.0,772,302.0,255.0,198,382.0,544.0,130,249.0,640.0,313.0,818.0,482.0,482.0,309.0,401.0,318.0,552.0,101.0,274,296.0,441.0,266,333.0,294.0,567.0,106.0,1127.0
542,2013,8,13359,243.0,398,477.0,256.0,331.0,267.0,243.0,1000,212.0,469.0,264,468.0,677.0,218,309.0,403.0,482.0,642.0,583.0,583.0,274.0,287.0,343.0,411.0,254.0,200,268.0,746.0,215,390.0,420.0,520.0,238.0,851.0
543,2013,9,9851,305.0,312,228.0,99.0,502.0,173.0,255.0,237,138.0,182.0,225,373.0,435.0,121,322.0,536.0,278.0,296.0,355.0,355.0,365.0,219.0,132.0,412.0,238.0,476,229.0,573.0,296,496.0,241.0,347.0,126.0,329.0
544,2013,10,8133,403.0,181,200.0,200.0,167.0,369.0,124.0,420,131.0,309.0,202,193.0,292.0,130,223.0,418.0,260.0,215.0,218.0,218.0,200.0,286.0,263.0,281.0,204.0,198,280.0,241.0,247,269.0,159.0,451.0,128.0,271.0
545,2013,11,10,0.0,0,0.0,0.0,0.0,0.0,0.0,0,0.0,0.0,0,0.0,0.0,0,0.0,0.0,0.0,0.0,0.0,0.0,4.0,0.0,0.0,0.0,0.0,0,0.0,0.0,0,1.0,5.0,0.0,0.0,0.0
546,2013,12,14,0.0,0,0.0,0.0,0.0,0.0,3.0,0,4.0,0.0,0,0.0,0.0,0,0.0,0.0,0.0,0.0,0.0,0.0,0.0,0.0,0.0,0.0,0.0,0,0.0,0.0,0,0.0,5.0,0.0,2.0,0.0
547,2014,1,3,0.0,0,0.0,0.0,0.0,0.0,0.0,0,0.0,0.0,0,0.0,0.0,3,0.0,0.0,0.0,0.0,0.0,0.0,0.0,0.0,0.0,0.0,0.0,0,0.0,0.0,0,0.0,0.0,0.0,0.0,0.0
548,2014,2,833,40.0,15,16.0,46.0,20.0,37.0,8.0,29,12.0,31.0,12,14.0,27.0,33,19.0,31.0,24.0,48.0,20.0,20.0,12.0,35.0,42.0,3.0,27.0,23,26.0,34.0,31,25.0,13.0,34.0,24.0,22.0
549,2014,3,571,32.0,13,14.0,8.0,4.0,18.0,17.0,1,10.0,2.0,0,21.0,14.0,32,10.0,3.0,5.0,4.0,58.0,58.0,7.0,2.0,24.0,2.0,12.0,17,1.0,32.0,36,21.0,49.0,78.0,24.0,0.0
550,2014,4,935,30.0,0,9.0,43.0,40.0,43.0,16.0,4,80.0,3.0,29,5.0,2.0,19,0.0,7.0,0.0,55.0,42.0,42.0,25.0,2.0,78.0,14.0,51.0,1,15.0,33.0,0,27.0,96.0,118.0,47.0,1.0
551,2014,5,6850,368.0,235,129.0,196.0,179.0,304.0,195.0,139,147.0,186.0,191,243.0,158.0,129,165.0,189.0,118.0,103.0,215.0,215.0,175.0,222.0,160.0,301.0,151.0,339,214.0,218.0,162,194.0,380.0,540.0,127.0,78.0
552,2014,6,19357,1235.0,341,479.0,585.0,509.0,1494.0,394.0,677,342.0,257.0,446,701.0,916.0,525,286.0,342.0,447.0,1055.0,710.0,710.0,362.0,308.0,342.0,406.0,188.0,610,255.0,1167.0,330,995.0,457.0,724.0,585.0,887.0
553,2014,7,12256,389.0,277,299.0,211.0,319.0,395.0,227.0,717,212.0,293.0,246,370.0,702.0,182,435.0,460.0,394.0,620.0,557.0,557.0,209.0,302.0,303.0,543.0,242.0,161,110.0,549.0,243,508.0,332.0,316.0,239.0,894.0
554,2014,8,14843,599.0,253,496.0,226.0,258.0,692.0,418.0,611,391.0,181.0,381,603.0,603.0,249,180.0,441.0,258.0,545.0,667.0,667.0,308.0,221.0,559.0,349.0,359.0,294,362.0,960.0,175,757.0,394.0,797.0,234.0,1022.0
555,2014,9,11181,355.0,254,269.0,329.0,346.0,363.0,296.0,264,156.0,424.0,165,456.0,435.0,179,186.0,270.0,205.0,449.0,434.0,434.0,257.0,280.0,410.0,279.0,153.0,316,599.0,414.0,242,350.0,487.0,732.0,320.0,507.0
556,2014,10,2581,107.0,66,51.0,64.0,98.0,104.0,64.0,41,49.0,21.0,82,97.0,269.0,89,37.0,133.0,10.0,80.0,108.0,108.0,81.0,136.0,16.0,131.0,5.0,152,53.0,58.0,79,87.0,74.0,33.0,41.0,65.0
557,2014,11,50,1.0,0,0.0,0.0,1.0,0.0,0.0,0,0.0,0.0,0,0.0,2.0,0,0.0,0.0,0.0,1.0,2.0,2.0,0.0,0.0,0.0,0.0,0.0,10,0.0,3.0,0,0.0,0.0,0.0,0.0,30.0
558,2014,12,2,0.0,0,0.0,0.0,0.0,0.0,0.0,0,0.0,0.0,0,0.0,0.0,0,0.0,1.0,0.0,0.0,0.0,0.0,0.0,0.0,0.0,0.0,0.0,0,0.0,0.0,0,0.0,0.0,0.0,0.0,1.0
559,2015,1,344,4.0,3,1.0,12.0,3.0,6.0,1.0,10,3.0,25.0,6,1.0,14.0,0,2.0,8.0,41.0,16.0,1.0,1.0,9.0,18.0,15.0,9.0,14.0,0,25.0,3.0,59,3.0,5.0,16.0,0.0,11.0
560,2015,2,552,0.0,24,10.0,72.0,29.0,0.0,24.0,0,17.0,3.0,21,0.0,7.0,8,93.0,15.0,35.0,0.0,3.0,3.0,21.0,3.0,19.0,4.0,14.0,0,24.0,0.0,10,0.0,48.0,40.0,8.0,0.0
561,2015,3,719,18.0,18,42.0,21.0,11.0,18.0,11.0,16,4.0,28.0,2,15.0,65.0,38,25.0,18.0,28.0,4.0,32.0,32.0,20.0,23.0,1.0,33.0,39.0,52,15.0,17.0,32,5.0,26.0,28.0,14.0,0.0
562,2015,4,5900,292.0,135,96.0,202.0,175.0,218.0,206.0,72,166.0,91.0,159,118.0,243.0,111,108.0,102.0,107.0,188.0,174.0,174.0,153.0,95.0,203.0,179.0,144.0,238,123.0,188.0,167,168.0,376.0,539.0,253.0,111.0
563,2015,5,5751,110.0,72,76.0,220.0,160.0,92.0,187.0,96,185.0,376.0,147,254.0,107.0,147,125.0,41.0,128.0,81.0,117.0,117.0,127.0,98.0,212.0,38.0,177.0,130,298.0,182.0,16,209.0,511.0,747.0,158.0,127.0
564,2015,6,19576,699.0,641,707.0,310.0,675.0,713.0,286.0,1573,375.0,273.0,347,374.0,900.0,332,379.0,610.0,318.0,1034.0,693.0,693.0,389.0,396.0,502.0,648.0,285.0,562,524.0,764.0,226,761.0,230.0,857.0,498.0,1695.0
565,2015,7,28468,1466.0,785,743.0,213.0,872.0,1555.0,820.0,1400,623.0,328.0,540,1128.0,1281.0,394,561.0,1092.0,922.0,1517.0,978.0,978.0,569.0,891.0,329.0,1033.0,353.0,1035,234.0,1480.0,681,1304.0,579.0,644.0,408.0,1710.0
566,2015,8,15053,586.0,254,416.0,293.0,500.0,568.0,188.0,657,395.0,590.0,304,487.0,471.0,254,281.0,604.0,353.0,666.0,464.0,464.0,246.0,270.0,413.0,595.0,127.0,714,687.0,532.0,229,592.0,421.0,754.0,318.0,824.0
567,2015,9,12641,390.0,352,372.0,198.0,249.0,331.0,377.0,618,346.0,251.0,215,478.0,619.0,213,247.0,433.0,293.0,452.0,571.0,571.0,301.0,284.0,308.0,374.0,254.0,386,484.0,476.0,308,548.0,186.0,832.0,185.0,710.0
568,2015,10,4517,349.0,128,178.0,40.0,128.0,193.0,44.0,207,51.0,0.0,80,243.0,585.0,82,43.0,166.0,83.0,220.0,165.0,165.0,37.0,21.0,78.0,157.0,7.0,213,3.0,362.0,57,213.0,104.0,53.0,26.0,201.0
569,2015,11,328,4.0,19,6.0,0.0,0.0,7.0,1.0,40,0.0,0.0,0,1.0,52.0,3,0.0,43.0,3.0,40.0,0.0,0.0,0.0,4.0,4.0,6.0,6.0,10,0.0,7.0,0,3.0,21.0,4.0,0.0,44.0
570,2015,12,261,9.0,3,2.0,0.0,2.0,12.0,10.0,27,1.0,0.0,6,0.0,16.0,2,3.0,19.0,6.0,35.0,11.0,11.0,5.0,7.0,0.0,22.0,1.0,2,0.0,13.0,7,5.0,11.0,7.0,3.0,14.0
571,2016,1,230,2.0,1,2.0,15.0,0.0,5.0,1.0,0,3.0,11.0,2,0.0,4.0,30,,6.0,0.0,9.0,2.0,2.0,3.0,16.0,19.0,12.0,42.0,3,12.0,3.0,3,3.0,2.0,11.0,8.0,0.0
572,2016,2,1331,17.0,31,31.0,0.0,33.0,6.0,47.0,0,13.0,0.0,16,51.0,34.0,12,,13.0,97.0,4.0,32.0,32.0,84.0,53.0,8.0,53.0,3.0,85,0.0,13.0,136,285.0,131.0,28.0,15.0,0.0
573,2016,3,1563,65.0,8,24.0,2.0,12.0,77.0,72.0,25,55.0,25.0,24,116.0,50.0,112,,3.0,5.0,65.0,83.0,83.0,14.0,20.0,47.0,3.0,25.0,11,123.0,161.0,7,55.0,94.0,134.0,26.0,20.0
574,2016,4,2734,36.0,51,34.0,28.0,19.0,39.0,118.0,22,55.0,26.0,57,25.0,40.0,52,,22.0,54.0,14.0,63.0,63.0,65.0,21.0,111.0,42.0,175.0,29,49.0,34.0,14,65.0,303.0,1004.0,45.0,22.0
575,2016,5,11171,274.0,438,473.0,251.0,520.0,253.0,448.0,359,212.0,221.0,222,450.0,314.0,177,,582.0,350.0,318.0,467.0,467.0,364.0,270.0,326.0,454.0,212.0,274,313.0,360.0,235,328.0,475.0,703.0,182.0,346.0
576,2016,6,10486,268.0,318,328.0,84.0,296.0,201.0,210.0,538,212.0,129.0,281,428.0,430.0,136,,367.0,353.0,329.0,304.0,304.0,182.0,366.0,391.0,387.0,109.0,513,390.0,392.0,184,323.0,387.0,657.0,126.0,867.0
577,2016,7,18454,583.0,497,378.0,327.0,539.0,568.0,557.0,1113,405.0,446.0,500,634.0,984.0,240,,770.0,413.0,872.0,564.0,564.0,423.0,538.0,518.0,677.0,376.0,405,749.0,1095.0,226,631.0,185.0,531.0,359.0,1351.0
578,2016,8,12262,390.0,574,567.0,132.0,510.0,398.0,277.0,472,171.0,119.0,305,439.0,637.0,132,,424.0,646.0,573.0,528.0,528.0,422.0,544.0,106.0,521.0,168.0,239,118.0,565.0,202,359.0,307.0,396.0,101.0,920.0
579,2016,9,9020,386.0,286,277.0,135.0,151.0,323.0,143.0,309,138.0,473.0,125,439.0,348.0,381,,225.0,148.0,377.0,340.0,340.0,295.0,76.0,409.0,203.0,170.0,214,285.0,434.0,131,378.0,207.0,561.0,141.0,512.0
580,2016,10,5972,157.0,55,173.0,107.0,135.0,249.0,111.0,418,76.0,199.0,89,323.0,589.0,42,,219.0,81.0,262.0,285.0,285.0,71.0,159.0,32.0,254.0,95.0,139,120.0,431.0,167,217.0,227.0,158.0,124.0,208.0
581,2016,11,2973,96.0,92,173.0,0.0,135.0,89.0,190.0,41,25.0,0.0,28,186.0,238.0,2,,153.0,75.0,102.0,170.0,170.0,60.0,55.0,1.0,145.0,0.0,120,0.0,255.0,40,109.0,228.0,108.0,4.0,53.0
582,2016,12,22,0.0,0,0.0,0.0,0.0,0.0,0.0,0,0.0,11.0,0,0.0,0.0,0,,0.0,0.0,0.0,0.0,0.0,0.0,0.0,0.0,0.0,0.0,0,6.0,0.0,0,0.0,0.0,5.0,0.0,0.0
